time,lat,lon,depth,east_shift,north_shift,distance_border,semblance,azimuthal_coverage,n_stations,n_picks,rms,uncertainty_horizontal,uncertainty_vertical,ML-campi-flegrei,ML-error-campi-flegrei,ML-n-stations-campi-flegrei,WKT_geom
2024-05-20 00:17:52.558485+00:00,40.845618,14.133024,1038.05,-502.7,2070.27,3937.5,0.387983113527298,105.8958295472651,17,12,0.3644,62.5,1250.0,0.17030376713848666,0.08537247404601903,15,POINT Z(14.133023735884152 40.84561824233712 -1038.0512311297848)
2024-05-20 00:20:44.098485+00:00,40.833125,14.135189,2303.91,-320.66,681.09,3687.5,0.0668415054678917,44.23268170111845,17,5,0.3727,176.7766952966369,687.5,,,16,POINT Z(14.13518862935255 40.83312514174112 -2303.9087891957024)
2024-05-20 00:29:50.658485+00:00,40.792769,14.153179,164.39,1193.66,-3806.21,2187.5,0.0681145191192627,92.84748117813945,17,2,0.0161,0.0,250.0,,,15,POINT Z(14.153179349858892 40.79276905765343 -164.390015769172)
2024-05-20 00:34:16.328485+00:00,40.810545,14.127856,-20.83,-937.91,-1829.64,4187.5,0.09324038028717041,173.84320393375953,17,2,0.0108,592.9270612815711,187.5,,,15,POINT Z(14.127855712663372 40.81054512657404 20.83333333333333)
2024-05-20 00:39:28.048485+00:00,40.804939,14.088714,864.0,-4232.5,-2451.86,1687.5,0.060119062662124634,0.0,17,1,0.0007,395.28470752104744,4250.0,,,13,POINT Z(14.088713525782268 40.80493896755232 -864.0045824971212)
2024-05-20 00:40:01.258485+00:00,40.80498,14.090902,3307.79,-4048.27,-2447.38,1937.5,0.20600111782550812,105.8512791293906,17,4,0.056,187.5,625.0,,,13,POINT Z(14.090902356583854 40.804980156329414 -3307.7853377136494)
2024-05-20 00:40:51.358485+00:00,40.843246,14.146983,2447.83,671.53,1806.51,3562.5,0.9272412061691284,247.8764812843787,17,27,0.3569,279.5084971874737,625.0,0.6991416589296405,0.1449180816745805,15,POINT Z(14.146983023561862 40.84324605182998 -2447.826754703152)
2024-05-20 00:41:58.368485+00:00,40.799383,14.095129,3046.3,-3692.86,-3069.94,2312.5,0.1730085164308548,236.20492756607467,17,10,0.4841,279.5084971874737,750.0,,,13,POINT Z(14.095128728213696 40.799383056305686 -3046.303735205525)
2024-05-20 00:42:07.008485+00:00,40.801673,14.090596,3323.23,-4074.29,-2815.05,1937.5,0.08206488192081451,87.47017340359128,17,4,0.0628,7233.278129589654,3437.5,,,13,POINT Z(14.090595560798901 40.80167348578625 -3323.2335484793257)
2024-05-20 00:42:48.448485+00:00,40.786045,14.173876,31.53,2936.3,-4553.37,1437.5,0.09209099411964417,79.96949279427497,17,7,0.5884,0.0,0.0,,,13,POINT Z(14.173876326723883 40.78604533229841 -31.530138052564624)
2024-05-20 00:46:51.508485+00:00,40.827286,14.14631,-20.83,615.05,31.84,5437.5,0.12427397817373276,161.29989726226052,17,5,0.0871,125.0,0.0,,,16,POINT Z(14.146309874833847 40.8272861308062 20.83333333333333)
2024-05-20 00:49:13.308485+00:00,40.801713,14.085477,1020.83,-4505.12,-2810.4,1562.5,0.07068590819835663,0.0,17,1,0.0091,760.3453162872775,1500.0,,,13,POINT Z(14.085477092973022 40.801713099525976 -1020.8333333333333)
2024-05-20 00:52:00.898485+00:00,40.830791,14.08905,80.39,-4202.56,422.7,1812.5,0.23114365339279175,106.21664389152076,17,5,0.0605,88.38834764831844,125.0,,,13,POINT Z(14.089049803310187 40.83079069249656 -80.38727701960136)
2024-05-20 01:01:52.068485+00:00,40.793486,14.122097,140.61,-1422.96,-3726.49,2312.5,0.0878477469086647,157.14223483923348,17,2,0.0057,4875.0,2437.5,,,15,POINT Z(14.122096639587038 40.793485595279044 -140.6061294237523)
2024-05-20 01:04:43.418485+00:00,40.830922,14.14026,1051.83,106.05,436.09,4937.5,0.08477447926998138,87.84636029387951,17,7,0.2222,3087.2722588071174,2000.0,,,16,POINT Z(14.140260489799925 40.83092181973641 -1051.8314060870584)
2024-05-20 01:04:58.158485+00:00,40.830694,14.146046,1079.15,592.86,410.73,4937.5,0.5443121790885925,135.89589275613605,17,15,0.1991,176.7766952966369,62.5,,,15,POINT Z(14.14604648740258 40.830693524824106 -1079.1525483425698)
2024-05-20 01:07:02.098485+00:00,40.801269,14.143944,-20.83,416.15,-2861.09,3187.5,0.07157324999570847,157.79179003176338,17,4,0.2308,187.5,62.5,,,15,POINT Z(14.14394404553731 40.80126946215868 20.83333333333333)
2024-05-20 01:15:43.228485+00:00,40.811979,14.154716,2565.99,1322.68,-1670.1,3437.5,0.24014316499233246,220.8887358555292,17,9,0.7827,125.0,312.5,,,15,POINT Z(14.15471641908364 40.8119793951897 -2565.987966933939)
2024-05-20 01:21:07.988485+00:00,40.837728,14.133704,2072.69,-445.55,1192.91,3937.5,0.3696831166744232,136.6981642046471,17,15,0.4118,176.7766952966369,937.5,,,16,POINT Z(14.133703758532286 40.83772799496136 -2072.6913892761463)
2024-05-20 01:35:42.978485+00:00,40.827636,14.13981,21.47,68.17,70.68,5937.5,0.13404977321624756,115.3106857307906,17,5,0.1145,139.75424859373686,62.5,,,15,POINT Z(14.139810206172017 40.82763560725627 -21.46674962985463)
2024-05-20 01:42:47.918485+00:00,40.809806,14.089178,2333.84,-4193.09,-1910.71,1812.5,0.0954650267958641,112.27081970895443,17,4,0.6835,814.9003006503311,937.5,,,13,POINT Z(14.089178112041882 40.80980586231909 -2333.8357973041075)
2024-05-20 01:50:41.048485+00:00,40.822033,14.139723,943.48,60.82,-552.3,5062.5,0.2861291468143463,138.71998002952193,17,8,0.1625,0.0,125.0,,,16,POINT Z(14.13972277169581 40.82203301468973 -943.4798320213185)
2024-05-20 01:51:16.318485+00:00,40.823244,14.101562,106.43,-3150.2,-416.95,2812.5,0.09153871983289719,223.04670076113007,17,3,0.0124,455.0068680800324,812.5,,,14,POINT Z(14.10156205333839 40.823244269417586 -106.43135925236467)
2024-05-20 01:55:16.068485+00:00,40.822089,14.178392,950.51,3314.69,-545.37,2687.5,0.12583056092262268,73.57154548491553,17,4,0.4571,88.38834764831844,812.5,,,14,POINT Z(14.178392155888806 40.82208862850891 -950.5082858179019)
2024-05-20 01:56:02.748485+00:00,40.827875,14.13239,1801.31,-556.14,97.28,4187.5,1.2996468544006348,262.2268968169328,17,34,0.3467,0.0,250.0,1.7625698280834583,0.043389171445625235,16,POINT Z(14.132390139946544 40.82787464770062 -1801.3097687648442)
2024-05-20 01:56:55.248485+00:00,40.827928,14.132581,1968.58,-540.06,103.24,4062.5,1.0456311702728271,262.20994327865867,17,28,0.2985,125.0,375.0,0.9216179650771803,0.046205398778348415,16,POINT Z(14.1325813421999 40.82792829158975 -1968.5773536080555)
2024-05-20 01:58:05.778485+00:00,40.827733,14.132203,1714.09,-571.92,81.5,4312.5,1.2683204412460327,262.4272326117364,17,34,0.3938,125.0,375.0,1.5727675864960227,0.03377244388805486,16,POINT Z(14.13220261710184 40.82773278282816 -1714.0890072473958)
2024-05-20 02:00:06.838485+00:00,40.809721,14.130428,1312.79,-721.41,-1921.33,4062.5,0.059369347989559174,86.12899161145907,17,3,0.0509,1313.9872526017898,1437.5,,,15,POINT Z(14.130428229981803 40.80972073608547 -1312.7944887209)
2024-05-20 02:01:37.718485+00:00,40.827381,14.133633,1687.46,-451.54,42.36,4312.5,1.0733861923217773,211.14677994248154,17,25,0.2264,197.64235376052372,437.5,0.5192640891365662,0.04291747237720771,16,POINT Z(14.133633473105492 40.82738082988153 -1687.455229665481)
2024-05-20 02:06:30.278485+00:00,40.816514,14.144366,2448.71,451.57,-1166.03,3562.5,0.12757614254951477,106.15123477242165,17,4,0.0109,534.0002340823457,562.5,,,16,POINT Z(14.144366039469796 40.81651353056841 -2448.707817689553)
2024-05-20 02:14:29.608485+00:00,40.826881,14.132045,1656.85,-585.17,-13.22,4312.5,1.2515395879745483,264.088977873672,17,32,0.2336,125.0,375.0,1.46063158802155,0.0374441223347008,16,POINT Z(14.132045234448217 40.82688086464579 -1656.8492086379083)
2024-05-20 02:26:27.688485+00:00,40.821714,14.191891,429.88,4450.61,-586.39,1562.5,0.061491385102272034,17.81153371851815,17,2,0.019,336.5728004459065,812.5,,,13,POINT Z(14.191891257438266 40.82171440965098 -429.8843076586862)
2024-05-20 02:44:57.918485+00:00,40.827797,14.138403,92.49,-50.19,88.64,5937.5,0.08575387299060822,138.32527538859225,17,3,0.0166,0.0,0.0,,,15,POINT Z(14.138403441562572 40.82779716798059 -92.49221618084117)
2024-05-20 02:46:44.718485+00:00,40.836515,14.108564,26.05,-2560.49,1058.42,3437.5,0.15151669085025787,113.70720516403023,17,6,0.4912,3969.611127050104,3687.5,,,16,POINT Z(14.108564239651901 40.83651460572393 -26.045688979457783)
2024-05-20 02:49:28.988485+00:00,40.804976,14.08975,3569.36,-4145.25,-2447.75,1812.5,0.1609746664762497,103.61721306736979,17,3,0.0302,279.5084971874737,375.0,,,13,POINT Z(14.089750078604052 40.80497637941504 -3569.35893440567)
2024-05-20 02:54:22.738485+00:00,40.829809,14.145575,1427.0,553.18,312.4,4562.5,0.5002729296684265,164.61348843328528,17,16,0.432,139.75424859373686,187.5,,,15,POINT Z(14.14557486493097 40.829809320080045 -1426.9963583339904)
2024-05-20 03:06:20.148485+00:00,40.834409,14.135446,906.35,-298.99,823.83,5062.5,0.18850275874137878,125.2242628358108,17,6,0.144,1629.8006013006623,2250.0,,,16,POINT Z(14.135446073788806 40.83440885241504 -906.3462604289523)
2024-05-20 03:07:49.698485+00:00,40.825534,14.133797,1710.94,-437.81,-162.97,4312.5,0.3950534164905548,197.56970264758078,17,11,0.2193,0.0,187.5,,,16,POINT Z(14.133796778719622 40.82553428081811 -1710.937534842736)
2024-05-20 03:11:08.488485+00:00,40.824418,14.132385,2071.29,-556.57,-287.1,3937.5,0.4226646423339844,202.47659081149362,17,15,0.2731,637.3774391990981,3000.0,,,16,POINT Z(14.13238544786659 40.82441781629699 -2071.285379113141)
2024-05-20 03:12:53.598485+00:00,40.810918,14.165302,3407.07,2213.58,-1787.96,2562.5,0.10275833308696747,86.4203386343168,17,5,0.4349,3539.950564626574,4000.0,,,14,POINT Z(14.165301941862271 40.81091750589063 -3407.070302901693)
2024-05-20 03:14:15.248485+00:00,40.82736,14.13232,1737.34,-562.09,40.08,4312.5,1.1171388626098633,263.2384622065696,17,31,0.5144,250.0,500.0,0.8576777448315731,0.04913408416003888,16,POINT Z(14.132319556280176 40.82736021151885 -1737.343387154446)
2024-05-20 03:23:18.098485+00:00,40.806241,14.095136,1520.83,-3691.9,-2307.37,2312.5,0.0792670026421547,138.77604797484838,17,3,0.2302,88.38834764831844,812.5,,,13,POINT Z(14.095135524046261 40.80624105341895 -1520.8333333333333)
2024-05-20 03:40:35.198485+00:00,40.825686,14.132996,1720.66,-505.21,-146.09,4312.5,0.88343346118927,227.42960022809956,17,21,0.4166,176.7766952966369,250.0,0.3458424878123451,0.11433855975687612,16,POINT Z(14.132995693682563 40.82568603945582 -1720.6603517622234)
2024-05-20 03:43:27.598485+00:00,40.83206,14.090739,433.25,-4060.33,563.75,1937.5,0.1379605084657669,82.89454994243874,17,3,0.0113,353.5533905932738,500.0,,,13,POINT Z(14.090739302855729 40.83205988791195 -433.24655455126083)
2024-05-20 03:43:53.348485+00:00,40.828699,14.093536,462.37,-3825.21,189.94,2187.5,0.09204757958650589,219.30233751637036,17,5,0.6043,257.6941016011038,375.0,,,14,POINT Z(14.093536293175719 40.82869926663259 -462.3722498740252)
2024-05-20 03:47:41.008485+00:00,40.824266,14.160923,197.12,1844.67,-303.82,4187.5,0.06787322461605072,172.7525206400234,17,5,0.7005,2455.8603380485624,2312.5,,,16,POINT Z(14.160922933886274 40.82426562013575 -197.1194843206743)
2024-05-20 03:49:11.848485+00:00,40.81885,14.168147,399.03,2452.72,-905.82,3562.5,0.11739537119865417,116.34835195178917,17,8,0.2841,2862.7456226496965,812.5,,,15,POINT Z(14.168146987005674 40.818850107386005 -399.0281414684488)
2024-05-20 03:49:48.388485+00:00,40.806153,14.142658,555.11,307.87,-2318.06,3687.5,0.13837791979312897,130.94437525726804,17,8,0.5483,88.38834764831844,687.5,,,15,POINT Z(14.142657830963936 40.80615311781955 -555.1050073328993)
2024-05-20 03:52:29.088485+00:00,40.826803,14.172158,504.07,2789.93,-21.33,3187.5,0.0646071657538414,174.40783493034746,17,3,0.0234,8611.629128684073,5062.5,,,15,POINT Z(14.172158156331973 40.826803452852275 -504.06711283427103)
2024-05-20 03:53:26.478485+00:00,40.804851,14.090725,4056.86,-4063.19,-2461.69,1937.5,0.11780868470668793,114.2766696975832,17,4,0.46,139.75424859373686,375.0,,,13,POINT Z(14.090725120208962 40.804851464976224 -4056.856912971518)
2024-05-20 04:00:25.708485+00:00,40.834321,14.085102,1329.47,-4534.45,815.47,1437.5,0.08477874845266342,142.16933044481823,17,4,0.0539,5591.916598984645,3375.0,,,12,POINT Z(14.085102148501477 40.8343211782555 -1329.4735113467052)
2024-05-20 04:03:27.208485+00:00,40.818966,14.126459,56.26,-1055.34,-893.24,4937.5,0.0722125768661499,130.16842787974707,17,2,0.0101,3005.203820042827,3437.5,,,16,POINT Z(14.126458801623698 40.81896621166477 -56.257402185074696)
2024-05-20 04:04:35.898485+00:00,40.831426,14.137222,2443.33,-149.61,492.1,3562.5,0.8480442762374878,258.1577509318482,17,23,0.3176,197.64235376052372,312.5,0.8302934375752151,0.14065461897475584,16,POINT Z(14.137221710938704 40.831425574977814 -2443.329553374476)
2024-05-20 04:07:40.408485+00:00,40.824273,14.136581,1942.59,-203.54,-303.25,4062.5,0.376616507768631,231.1263811182927,17,10,0.0766,62.5,437.5,,,16,POINT Z(14.136581042739575 40.82427280762365 -1942.5946013148562)
2024-05-20 04:26:25.808485+00:00,40.831066,14.133707,1791.58,-445.35,452.12,4187.5,0.6970323324203491,175.49812686607737,17,19,0.2854,0.0,250.0,0.6688851061876375,0.0544879055410373,16,POINT Z(14.133706669769444 40.83106587485785 -1791.5835593777258)
2024-05-20 04:28:13.418485+00:00,40.826313,14.135157,1940.3,-323.38,-76.37,4062.5,0.44728124141693115,196.77410425289247,17,14,0.2019,125.0,125.0,,,16,POINT Z(14.135156690058391 40.826313141197005 -1940.298481198059)
2024-05-20 04:28:30.298485+00:00,40.798202,14.14298,3425.79,335.06,-3202.19,2562.5,0.10253830254077911,149.9330552784951,17,3,0.0599,2687.5,3750.0,,,15,POINT Z(14.142980485509113 40.798201934036705 -3425.785942719507)
2024-05-20 04:28:56.638485+00:00,40.82483,14.144388,-20.83,453.39,-241.26,5562.5,0.11155586689710617,61.50693207343369,17,4,0.0724,0.0,0.0,,,15,POINT Z(14.144388412803728 40.82483014638967 20.83333333333333)
2024-05-20 04:31:42.328485+00:00,40.820898,14.15162,100.29,1061.92,-678.45,4937.5,0.07056383788585663,152.2231422979266,17,3,0.463,1629.8006013006623,2437.5,,,16,POINT Z(14.151619716978956 40.82089786684319 -100.28779416737291)
2024-05-20 04:34:22.898485+00:00,40.829752,14.149961,1443.04,922.19,306.05,4562.5,0.7811994552612305,131.525609901357,17,19,0.3756,139.75424859373686,125.0,0.47734854060146026,0.033299103772329926,15,POINT Z(14.14996068448201 40.82975184606764 -1443.0418672611768)
2024-05-20 04:36:16.158485+00:00,40.825422,14.149119,1208.46,851.43,-175.45,4812.5,0.4733133018016815,236.61466016127352,17,13,0.1086,0.0,250.0,0.11325114055552783,0.05252144614120842,16,POINT Z(14.149119047574555 40.825421678179126 -1208.459284321429)
2024-05-20 04:37:07.758485+00:00,40.821965,14.151588,811.4,1059.21,-559.83,4937.5,0.1904444694519043,39.15245488177334,17,6,0.1883,257.6941016011038,562.5,,,16,POINT Z(14.15158772935845 40.82196462788167 -811.3983265378686)
2024-05-20 04:40:58.238485+00:00,40.82981,14.148563,1546.3,804.6,312.45,4437.5,0.8265353441238403,152.06332436486122,17,20,0.1477,0.0,0.0,0.5347042714739045,0.2130125151146279,14,POINT Z(14.148563076337428 40.82980952526702 -1546.2981871342347)
2024-05-20 04:42:27.158485+00:00,40.801722,14.169551,2556.16,2571.51,-2810.29,3187.5,0.06804316490888596,146.30083401239227,17,4,0.2255,3969.611127050104,3000.0,,,15,POINT Z(14.169550669738891 40.80172239707422 -2556.1644072012655)
2024-05-20 04:43:28.938485+00:00,40.827371,14.147266,69.18,695.48,41.33,5312.5,0.07713329792022705,172.518451586074,17,5,1.0197,187.5,187.5,,,16,POINT Z(14.147265874594227 40.82737140235992 -69.1820460919576)
2024-05-20 04:46:46.828485+00:00,40.83093,14.1236,1307.1,-1295.69,437.06,4687.5,0.09749050438404083,144.07335067862203,17,4,0.0277,2766.992952647332,2500.0,,,16,POINT Z(14.123599817207946 40.83092952417427 -1307.1048531214874)
2024-05-20 04:47:55.018485+00:00,40.823082,14.148529,839.75,801.85,-435.56,5187.5,0.25009849667549133,53.30791472202219,17,8,0.1442,2069.118169655856,2250.0,,,16,POINT Z(14.148529401261792 40.82308248288971 -839.747740923307)
2024-05-20 04:48:25.128485+00:00,40.823228,14.151302,821.63,1035.16,-419.38,4937.5,0.21347598731517792,46.22921922958318,17,6,0.1206,2531.0570914145733,2250.0,,,16,POINT Z(14.151302211399594 40.82322772972272 -821.6268335044255)
2024-05-20 04:50:02.208485+00:00,40.826607,14.133537,2044.03,-459.7,-43.71,3937.5,0.461769163608551,187.65514386257516,17,16,0.333,318.6887195995491,437.5,0.2777082124015826,0.12890720777816397,16,POINT Z(14.133536554367803 40.82660673485868 -2044.0300487417899)
2024-05-20 04:52:16.478485+00:00,40.822912,14.140012,83.8,85.16,-454.52,5562.5,0.08682600408792496,104.4002715229762,17,2,0.0628,279.5084971874737,125.0,,,16,POINT Z(14.140012080460075 40.822912364153254 -83.80463286130447)
2024-05-20 04:55:21.058485+00:00,40.837752,14.090801,1187.35,-4054.79,1196.71,1937.5,0.07411187142133713,106.85904022318994,17,4,0.4008,125.0,500.0,,,15,POINT Z(14.090801099424493 40.83775223302234 -1187.3506036992565)
2024-05-20 04:59:03.258485+00:00,40.787394,14.151383,3264.45,1042.52,-4403.96,1562.5,0.06067198887467384,139.30100254625648,17,3,0.0374,728.8689868556626,1250.0,,,15,POINT Z(14.151382887771195 40.787393559182966 -3264.454838392634)
2024-05-20 05:08:32.608485+00:00,40.839951,14.099535,566.51,-3319.91,1440.85,2687.5,0.0893581435084343,32.325543115653886,17,4,0.0301,257.6941016011038,687.5,,,15,POINT Z(14.099535213276148 40.83995118034605 -566.5118846942521)
2024-05-20 05:18:26.068485+00:00,40.818626,14.118605,1400.84,-1716.23,-930.9,4312.5,0.06497368216514587,120.17671470179903,17,2,0.0204,62.5,375.0,,,15,POINT Z(14.118605202322282 40.81862641024045 -1400.8399711263464)
2024-05-20 05:22:01.928485+00:00,40.822385,14.13998,-20.83,82.46,-513.18,5437.5,0.08997873216867447,12.084025480826767,17,3,0.0541,257.6941016011038,62.5,,,16,POINT Z(14.139979917261204 40.82238484203786 20.83333333333333)
2024-05-20 05:25:50.398485+00:00,40.825639,14.163654,522.57,2074.41,-151.04,3937.5,0.07381944358348846,228.48102645942234,17,3,0.5175,956.0661587986472,812.5,,,15,POINT Z(14.163653822167296 40.82563901565797 -522.5744480496227)
2024-05-20 05:31:42.128485+00:00,40.827932,14.104336,-4.66,-2916.6,104.17,3062.5,0.071530282497406,105.8277632999231,17,5,0.5913,225.34695471649934,312.5,,,16,POINT Z(14.104335722822473 40.82793160588373 4.664721589585049)
2024-05-20 05:42:27.098485+00:00,40.798245,14.150299,68.38,951.12,-3197.34,2812.5,0.07845790684223175,101.67381269361886,17,3,0.2685,728.8689868556626,687.5,,,15,POINT Z(14.150299166108265 40.79824510568533 -68.38086671090565)
2024-05-20 05:52:28.738485+00:00,40.824201,14.10406,684.25,-2939.96,-310.69,3062.5,0.06635779142379761,147.51566338010576,17,4,1.2675,530.3300858899106,1250.0,,,15,POINT Z(14.104060071953603 40.824200641399386 -684.2548032433444)
2024-05-20 06:06:05.728485+00:00,40.822854,14.157206,2190.84,1531.91,-460.87,3812.5,0.22981996834278107,187.37073845468777,17,11,0.25,265.1650429449553,437.5,,,16,POINT Z(14.157205555165103 40.82285383192057 -2190.8355953034493)
2024-05-20 06:21:23.688485+00:00,40.805018,14.089247,3593.73,-4187.63,-2443.08,1812.5,0.1429494172334671,233.621508172641,17,7,0.4775,395.28470752104744,375.0,,,13,POINT Z(14.089246572947783 40.805018176530076 -3593.7334267515475)
2024-05-20 06:23:58.018485+00:00,40.805126,14.105407,82.81,-2827.44,-2431.69,3187.5,0.08144165575504303,171.78110610907655,17,4,0.5355,475.98581911649427,437.5,,,15,POINT Z(14.105406936462623 40.8051264361748 -82.81170350309239)
2024-05-20 06:34:02.068485+00:00,40.828535,14.142841,812.9,323.21,170.64,5187.5,0.15099214017391205,210.76158264854416,17,9,0.1251,450.6939094329987,1500.0,,,16,POINT Z(14.14284147336669 40.82853454123815 -812.9041641863197)
2024-05-20 06:34:11.538485+00:00,40.830729,14.142542,1568.75,297.97,414.68,4437.5,0.2745422422885895,143.08518031371653,17,12,0.1841,1189.143599402528,1312.5,0.15360338686393102,0.05259295512270018,16,POINT Z(14.142541599540959 40.83072925017708 -1568.7498142356148)
2024-05-20 06:34:30.188485+00:00,40.821876,14.141936,784.8,247.04,-569.72,5187.5,0.32039040327072144,251.69982868050792,17,12,0.1539,62.5,250.0,,,16,POINT Z(14.141935871937843 40.821876386473214 -784.7981081982248)
2024-05-20 06:36:01.468485+00:00,40.830954,14.145775,309.8,570.03,439.66,5437.5,0.0636431947350502,34.94707639547795,17,2,1.458,176.7766952966369,1437.5,,,15,POINT Z(14.14577515283471 40.830953777038566 -309.8040329719588)
2024-05-20 06:38:29.368485+00:00,40.825219,14.142655,590.24,307.54,-198.08,5437.5,0.3303801715373993,215.13845035955373,17,12,0.2005,318.6887195995491,187.5,,,15,POINT Z(14.142655000850814 40.8252185785093 -590.240305076738)
2024-05-20 06:41:08.328485+00:00,40.831052,14.141493,1464.34,209.74,450.6,4562.5,0.5229567885398865,134.35143448804672,17,14,0.5051,0.0,125.0,0.3732999210385362,0.09813498592295905,16,POINT Z(14.1414929220346 40.831052302693635 -1464.3412028059151)
2024-05-20 06:44:23.038485+00:00,40.829614,14.143979,67.37,418.94,290.7,5562.5,0.06890424340963364,0.0,17,1,0.0046,279.5084971874737,250.0,,,16,POINT Z(14.143979297921973 40.82961422670768 -67.36539233265671)
2024-05-20 06:49:38.858485+00:00,40.821873,14.148505,1562.36,799.79,-570.06,4437.5,0.08943691104650497,82.39324362936838,17,6,0.269,197.64235376052372,437.5,,,16,POINT Z(14.148504801954575 40.82187295584956 -1562.3619595403422)
2024-05-20 06:50:23.628485+00:00,40.824969,14.150286,2052.44,949.67,-225.8,3937.5,1.4098495244979858,304.1570206204305,17,34,0.3832,139.75424859373686,312.5,1.9348296727326102,0.06524022594228725,16,POINT Z(14.150286457499922 40.82496882365855 -2052.4395958939704)
2024-05-20 06:56:21.078485+00:00,40.824149,14.153247,1920.93,1198.81,-316.9,4062.5,0.6154986619949341,166.90455945591432,17,15,0.1032,176.7766952966369,375.0,0.4493335999963857,0.05851178493477099,16,POINT Z(14.15324724058716 40.824149135992414 -1920.933269493912)
2024-05-20 06:59:26.758485+00:00,40.791515,14.159441,174.24,1720.85,-3945.56,2062.5,0.06068278104066849,139.67619823639959,17,3,0.2309,395.28470752104744,312.5,,,15,POINT Z(14.159441398455266 40.791514928376614 -174.2407041183219)
2024-05-20 07:04:05.388485+00:00,40.831131,14.142619,71.68,304.47,459.38,5562.5,0.06371733546257019,129.59486783243653,17,2,0.0323,139.75424859373686,250.0,,,16,POINT Z(14.142618798350929 40.8311312328737 -71.68385019654511)
2024-05-20 07:06:41.808485+00:00,40.801627,14.12348,57.53,-1306.35,-2821.2,3187.5,0.06717601418495178,122.26839513514233,17,2,0.0222,5148.573831654743,1687.5,,,15,POINT Z(14.123479966793553 40.80162733881241 -57.52595777495142)
2024-05-20 07:09:46.928485+00:00,40.825372,14.148465,1309.2,796.43,-180.98,4687.5,0.21181225776672363,146.65228458893438,17,10,0.5837,336.5728004459065,375.0,,,16,POINT Z(14.148465376647207 40.825372017126156 -1309.203343543394)
2024-05-20 07:15:25.128485+00:00,40.829839,14.088942,393.81,-4211.7,316.85,1812.5,0.09555333852767944,94.10876626923982,17,4,0.5434,395.28470752104744,625.0,,,13,POINT Z(14.08894188192576 40.82983864959699 -393.8097717220191)
2024-05-20 07:19:41.708485+00:00,40.803051,14.080182,927.06,-4950.69,-2661.37,1062.5,0.07837876677513123,155.35441708704124,17,4,0.4355,257.6941016011038,437.5,,,12,POINT Z(14.08018229738922 40.80305079257364 -927.0645570825153)
2024-05-20 07:20:40.438485+00:00,40.823816,14.117365,1948.61,-1820.48,-353.8,4062.5,0.048493072390556335,88.86627902892712,17,3,0.0532,318.6887195995491,2000.0,,,16,POINT Z(14.117364649743884 40.82381614558041 -1948.605686797756)
2024-05-20 07:26:16.318485+00:00,40.828959,14.144058,95.41,425.58,217.84,5562.5,0.06362813711166382,59.720862922898846,17,2,0.8364,795.4951288348659,562.5,,,16,POINT Z(14.144058158391692 40.828959000894926 -95.409070925142)
2024-05-20 07:34:30.068485+00:00,40.805187,14.093602,3200.14,-3821.03,-2424.55,2187.5,0.12411581724882126,157.47746168669596,17,4,0.4251,318.6887195995491,875.0,,,13,POINT Z(14.093602085498029 40.805186625104646 -3200.1439796007503)
2024-05-20 07:41:12.488485+00:00,40.824254,14.181313,1099.35,3560.31,-304.43,2437.5,0.07386084645986557,18.770719954863296,17,4,0.279,312.5,1250.0,,,14,POINT Z(14.181312531444272 40.824254484061235 -1099.3516624158988)
2024-05-20 07:48:35.958485+00:00,40.798308,14.081869,551.16,-4809.04,-3188.79,1187.5,0.07800079137086868,114.12748393659729,17,2,0.011,312.5,625.0,,,13,POINT Z(14.081869381009087 40.79830843016668 -551.1603547193106)
2024-05-20 07:51:53.058485+00:00,40.807189,14.084489,175.24,-4587.91,-2201.47,1437.5,0.07729639858007431,107.83989513944164,17,3,0.3218,503.89110926865936,500.0,,,13,POINT Z(14.084489058573675 40.8071888595441 -175.23567672296977)
2024-05-20 07:56:51.368485+00:00,40.835517,14.142732,814.45,313.98,947.05,5062.5,0.12009290605783463,87.219939453091,17,5,0.4131,225.34695471649934,562.5,,,16,POINT Z(14.142732154559186 40.83551698382107 -814.4480122041139)
2024-05-20 07:58:43.848485+00:00,40.789458,14.143207,-20.83,354.17,-4174.45,1812.5,0.0837630033493042,103.75966511596329,17,3,0.0117,257.6941016011038,250.0,,,15,POINT Z(14.143206885360783 40.78945815092702 20.83333333333333)
2024-05-20 08:00:43.328485+00:00,40.821886,14.105764,184.65,-2796.69,-568.15,3187.5,0.05441046878695488,138.85351323931883,17,2,0.0006,265.1650429449553,312.5,,,15,POINT Z(14.105763981027462 40.82188577637787 -184.64909897310898)
2024-05-20 08:14:48.678485+00:00,40.82989,14.151419,1299.59,1044.91,321.41,4687.5,0.4953950345516205,60.00609013959462,17,12,0.0694,318.6887195995491,187.5,,,15,POINT Z(14.151419252606313 40.829889817047814 -1299.5936808640322)
2024-05-20 08:18:51.338485+00:00,40.816178,14.108441,2317.09,-2571.63,-1202.88,3437.5,0.09920333325862885,135.73177621588613,17,5,0.6315,257.6941016011038,1375.0,,,15,POINT Z(14.108441195144156 40.816178231464534 -2317.0921021054783)
2024-05-20 08:33:58.938485+00:00,40.825352,14.1455,1191.32,546.91,-183.24,4812.5,0.3489721417427063,241.49046547013123,17,14,0.1248,197.64235376052372,62.5,,,15,POINT Z(14.145499884858438 40.82535186084238 -1191.3204744317827)
2024-05-20 08:36:01.078485+00:00,40.824232,14.164949,912.02,2183.42,-307.51,3812.5,0.05745922774076462,134.65614114308102,17,3,0.0072,7096.709184544622,2937.5,,,15,POINT Z(14.164948809524345 40.82423158377716 -912.018940770574)
2024-05-20 08:37:35.338485+00:00,40.805028,14.090849,3310.51,-4052.79,-2442.1,1937.5,0.1709008812904358,150.0616830367893,17,6,0.5532,336.5728004459065,312.5,,,13,POINT Z(14.090848595095585 40.80502763129856 -3310.5096469473892)
2024-05-20 08:48:31.608485+00:00,40.813397,14.154621,2958.24,1314.6,-1512.48,3062.5,0.4269496202468872,248.9794979235935,17,14,0.5043,250.0,125.0,,,16,POINT Z(14.154620849629811 40.81339688282666 -2958.244475661799)
2024-05-20 08:49:07.028485+00:00,40.819312,14.10141,-20.83,-3163.2,-854.16,2812.5,0.10033918172121048,119.31776675490858,17,4,0.8263,888.2919002219935,562.5,,,14,POINT Z(14.101409720981046 40.819312290006664 20.83333333333333)
2024-05-20 08:55:18.628485+00:00,40.803917,14.15307,104.17,1184.29,-2566.64,3437.5,0.06526634842157364,0.0,17,2,0.0091,1976.423537605237,3437.5,,,15,POINT Z(14.153070396343033 40.803916823183144 -104.16666666666667)
2024-05-20 08:55:59.828485+00:00,40.808873,14.150127,2114.04,936.51,-2015.52,3937.5,0.18587152659893036,108.70086416512004,17,7,0.0977,1069.8276730389807,2000.0,,,15,POINT Z(14.150127367198081 40.80887345815144 -2114.0444124966634)
2024-05-20 09:01:12.248485+00:00,40.803388,14.113769,604.26,-2123.67,-2625.24,3312.5,0.07637275755405426,136.70496682625262,17,2,0.0115,336.5728004459065,1062.5,,,15,POINT Z(14.113769164231305 40.80338791966659 -604.2610523325461)
2024-05-20 09:14:13.568485+00:00,40.796022,14.084685,213.01,-4572.19,-3443.23,1437.5,0.06180718541145325,7.45731872836069,17,3,0.4156,850.0919067959652,812.5,,,13,POINT Z(14.084684894837768 40.796021565496666 -213.00825172903194)
2024-05-20 09:15:03.148485+00:00,40.789479,14.083876,63.72,-4640.74,-4170.64,1312.5,0.07470488548278809,175.60804964134041,17,4,0.2139,125.0,0.0,,,12,POINT Z(14.083876075992968 40.789479448189255 -63.71910457309809)
2024-05-20 09:15:22.598485+00:00,40.829459,14.144046,29.0,424.55,273.42,5562.5,0.05914272367954254,140.38104346768307,18,4,0.9224,88.38834764831844,62.5,,,17,POINT Z(14.144045960123073 40.82945883677289 -29.00245755922068)
2024-05-20 09:30:04.108485+00:00,40.832059,14.145644,2804.42,558.98,562.52,3187.5,0.1806548684835434,48.540910961795134,18,8,0.4136,380.1726581436387,625.0,,,16,POINT Z(14.145643984269979 40.83205866971219 -2804.4247087735284)
2024-05-20 09:36:33.728485+00:00,40.848819,14.140358,174.06,114.2,2426.19,3562.5,0.04486788809299469,36.250693996331506,18,3,0.0068,336.5728004459065,375.0,,,16,POINT Z(14.140357743051954 40.84881920513037 -174.0635744542126)
2024-05-20 09:44:32.338485+00:00,40.806133,14.086362,26.77,-4430.3,-2318.93,1562.5,0.05812833085656166,104.35938428242122,18,2,0.0139,279.5084971874737,437.5,,,13,POINT Z(14.086362491348495 40.806133359763365 -26.77017248633168)
2024-05-20 09:46:36.918485+00:00,40.86574,14.096923,322.29,-3538.31,4308.58,1687.5,0.050666842609643936,0.0,18,2,0.0272,139.75424859373686,562.5,,,11,POINT Z(14.096922609569331 40.865740308210995 -322.28754315894344)
2024-05-20 09:55:05.088485+00:00,40.834281,14.093668,814.91,-3813.82,810.59,2187.5,0.0842733308672905,59.21878492263261,18,3,0.0083,488.1406047441659,687.5,,,15,POINT Z(14.093667876271825 40.83428092636989 -814.9087411905558)
2024-05-20 10:05:26.798485+00:00,40.828993,14.148422,-20.83,792.78,221.67,5187.5,0.04742231220006943,0.0,18,1,0.0435,728.8689868556626,1437.5,,,15,POINT Z(14.148422467985473 40.828993179659825 20.83333333333333)
2024-05-20 10:09:45.948485+00:00,40.825387,14.143771,434.05,401.47,-179.35,5562.5,0.19047674536705017,231.66739937588721,18,9,0.1419,139.75424859373686,62.5,,,16,POINT Z(14.14377137356715 40.825386973471446 -434.04952945911907)
2024-05-20 10:15:33.838485+00:00,40.820679,14.142758,106.75,316.25,-702.82,5312.5,0.09782885760068893,131.31801613536766,18,3,0.0205,125.0,125.0,,,16,POINT Z(14.142758265334953 40.82067932835075 -106.74614023674158)
2024-05-20 10:16:50.128485+00:00,40.827078,14.14152,1313.76,212.02,8.71,4687.5,0.37099960446357727,265.8289509605308,18,13,0.2487,0.0,125.0,,,17,POINT Z(14.141519856944726 40.82707834720173 -1313.7616013268612)
2024-05-20 10:20:07.388485+00:00,40.839912,14.152794,100.9,1160.41,1435.84,4562.5,0.06363953649997711,135.63011052103832,18,4,0.4073,0.0,125.0,,,16,POINT Z(14.15279409542137 40.83991197353689 -100.89609778385659)
2024-05-20 10:27:15.578485+00:00,40.82867,14.138489,189.81,-43.0,185.73,5812.5,0.13091926276683807,130.1061411870137,18,3,0.0318,888.2919002219935,437.5,,,16,POINT Z(14.138488893259417 40.828670284784295 -189.80633198755797)
2024-05-20 10:36:32.948485+00:00,40.82075,14.140908,-20.83,160.58,-694.98,5312.5,0.08541999012231827,6.644313116512649,17,2,0.0942,0.0,0.0,,,15,POINT Z(14.140908260512353 40.82074985551742 20.83333333333333)
2024-05-20 10:36:46.888485+00:00,40.852108,14.153093,225.78,1185.31,2791.94,3187.5,0.047629836946725845,175.85578596425864,17,2,0.0086,4070.185038791234,500.0,,,15,POINT Z(14.153092786404294 40.85210762137238 -225.78351006765297)
2024-05-20 10:38:51.298485+00:00,40.821033,14.151166,425.84,1023.76,-663.38,4937.5,0.05102183669805527,146.9759293182192,17,2,0.0043,62.5,375.0,,,16,POINT Z(14.15116623139944 40.82103347809148 -425.84066430920257)
2024-05-20 10:41:48.188485+00:00,40.807188,14.084498,164.97,-4587.13,-2201.62,1437.5,0.03251400589942932,0.0,18,1,0.0099,475.98581911649427,312.5,,,13,POINT Z(14.084498261585527 40.8071875123718 -164.97051568847888)
2024-05-20 11:02:42.568485+00:00,40.860047,14.120431,-20.83,-1561.59,3674.81,2312.5,0.04335051029920578,64.63019854392667,18,3,0.0272,375.0,250.0,,,15,POINT Z(14.120431240443617 40.86004687619352 20.83333333333333)
2024-05-20 11:03:44.538485+00:00,40.831093,14.140209,58.42,101.75,455.08,5562.5,0.0395347997546196,0.0,18,1,0.0055,139.75424859373686,62.5,,,17,POINT Z(14.14020934529952 40.831092601783844 -58.41961222476448)
2024-05-20 11:15:06.898485+00:00,40.820468,14.124925,94.7,-1184.4,-726.24,4812.5,0.07779128849506378,158.54569111803067,18,2,0.0295,698.7712429686843,562.5,,,17,POINT Z(14.12492482629946 40.82046793222991 -94.7006640122215)
2024-05-20 11:16:43.738485+00:00,40.831955,14.099619,1459.09,-3313.29,551.71,2687.5,0.05280958116054535,115.51113784383742,18,3,0.8302,500.0,1000.0,,,15,POINT Z(14.099618592231968 40.83195498579004 -1459.0898621915978)
2024-05-20 11:24:05.718485+00:00,40.805089,14.099823,705.71,-3297.41,-2435.67,2687.5,0.061122894287109375,154.62902501361776,18,3,0.0116,475.98581911649427,562.5,,,16,POINT Z(14.099823219020562 40.80508887320764 -705.7084088490656)
2024-05-20 11:33:57.218485+00:00,40.825319,14.107237,179.86,-2672.59,-186.38,3312.5,0.049908384680747986,0.0,18,2,0.0206,1265.5285457072866,1687.5,,,17,POINT Z(14.10723705283234 40.82531944554856 -179.85993143870812)
2024-05-20 11:36:58.698485+00:00,40.823071,14.139779,77.45,65.57,-436.85,5562.5,0.06893154978752136,153.75093460591498,18,2,0.0041,6210.500181144833,4187.5,,,17,POINT Z(14.139779224387805 40.82307133465855 -77.44563463362061)
2024-05-20 11:39:47.398485+00:00,40.870297,14.151095,3802.71,1016.99,4814.48,1187.5,0.09430718421936035,186.76962814798557,18,4,0.015,62.5,375.0,,,14,POINT Z(14.1510948656492 40.87029700416733 -3802.708806816909)
2024-05-20 11:41:04.708485+00:00,40.806881,14.082122,54.79,-4787.19,-2235.63,1187.5,0.04599356651306152,0.0,18,1,0.0064,6245.310740867903,3187.5,,,13,POINT Z(14.082121543832463 40.80688055160012 -54.79202611439855)
2024-05-20 11:43:40.268485+00:00,40.819997,14.142965,2710.52,333.61,-778.66,3312.5,0.0933535024523735,214.88957931182645,18,5,0.0617,187.5,187.5,,,15,POINT Z(14.142964510908458 40.81999723623969 -2710.5168551520237)
2024-05-20 12:11:08.348485+00:00,40.838712,14.125058,1049.41,-1172.87,1302.44,4687.5,0.054077547043561935,116.10229773258729,18,3,0.0187,1872.9155079714621,687.5,,,17,POINT Z(14.125057965547816 40.83871226343855 -1049.408185082108)
2024-05-20 12:20:13.008485+00:00,40.807192,14.083438,4330.15,-4676.34,-2201.08,1312.5,0.05759312957525253,104.13794762606682,18,2,0.0016,12213.274028695172,3937.5,,,13,POINT Z(14.083438331536609 40.807191847502644 -4330.153115361765)
2024-05-20 12:33:56.598485+00:00,40.828618,14.102657,300.6,-3057.84,180.53,2937.5,0.04197850450873375,103.00341680954693,18,3,0.0488,515.3882032022076,312.5,,,17,POINT Z(14.102656745628543 40.828617813711524 -300.5955907991937)
2024-05-20 12:44:06.858485+00:00,40.796124,14.123303,206.54,-1321.33,-3433.14,2562.5,0.04644902050495148,147.97624287128022,18,4,0.5219,257.6941016011038,625.0,,,16,POINT Z(14.123303294537964 40.79612400665337 -206.53915873007566)
2024-05-20 12:46:05.618485+00:00,40.819719,14.130843,2565.37,-686.41,-809.62,3437.5,0.20927348732948303,137.11332758770465,18,9,0.16,589.6238207535378,1437.5,,,17,POINT Z(14.130842909448685 40.819718627474884 -2565.3727166679046)
2024-05-20 12:52:34.258485+00:00,40.833138,14.140013,833.69,85.19,682.46,5187.5,0.21705643832683563,171.5453352963292,18,9,0.4075,225.34695471649934,562.5,,,17,POINT Z(14.140012606586712 40.833137522366115 -833.6907413032748)
2024-05-20 12:59:14.018485+00:00,40.819528,14.166501,2933.86,2314.17,-830.44,3062.5,0.16593345999717712,166.01890880229064,18,11,0.8664,353.5533905932738,625.0,,,16,POINT Z(14.166500801630097 40.8195283724316 -2933.8566332784103)
2024-05-20 13:13:32.738485+00:00,40.830048,14.14352,85.15,380.33,338.89,5562.5,0.03995988145470619,0.0,18,1,0.0093,628.1172263200557,375.0,,,17,POINT Z(14.143520458205137 40.83004763296628 -85.15321967026787)
2024-05-20 13:27:20.018485+00:00,40.859077,14.136759,835.43,-188.49,3566.77,2437.5,0.08187592774629593,50.27113972628854,18,3,0.0137,62.5,562.5,,,16,POINT Z(14.136758681890125 40.85907674532421 -835.4267497480934)
2024-05-20 13:38:28.108485+00:00,40.825222,14.123187,708.99,-1330.57,-197.56,4687.5,0.044092245399951935,0.0,18,2,0.0123,257.6941016011038,562.5,,,17,POINT Z(14.123186648377809 40.82522221889213 -708.9949680640526)
2024-05-20 13:43:51.448485+00:00,40.822687,14.153281,97.9,1201.7,-479.51,4812.5,0.05995180085301399,147.5522980791218,18,4,0.8451,312.5,187.5,,,17,POINT Z(14.153281246578906 40.822686808481066 -97.89671512787221)
2024-05-20 13:45:18.378485+00:00,40.821944,14.127851,1551.93,-938.12,-562.15,4437.5,0.0904451236128807,182.75483527463228,18,5,0.1542,125.0,187.5,,,17,POINT Z(14.127851340136555 40.82194390455132 -1551.9324048423496)
2024-05-20 14:12:09.188485+00:00,40.829436,14.143869,4.74,409.7,270.83,5562.5,0.05838234722614288,88.79301099408787,18,3,0.0263,1622.5943732183962,437.5,,,17,POINT Z(14.143869416244337 40.82943556032077 -4.742617120318368)
2024-05-20 14:13:50.768485+00:00,40.816389,14.147352,110.27,702.86,-1179.82,4812.5,0.06000693142414093,135.69287391471738,18,2,0.0066,364.4344934278313,375.0,,,17,POINT Z(14.147352112814048 40.816389330807226 -110.2717870376683)
2024-05-20 14:17:07.068485+00:00,40.823047,14.157423,956.49,1550.19,-439.34,4437.5,0.1599021553993225,184.90679952598924,18,9,0.3238,176.7766952966369,562.5,,,17,POINT Z(14.157422946748131 40.82304742114451 -956.4922368644744)
2024-05-20 14:28:20.908485+00:00,40.83767,14.099894,71.19,-3289.86,1187.22,2687.5,0.04572295397520065,113.83831307314995,18,3,0.7677,592.9270612815711,812.5,,,15,POINT Z(14.099893790025373 40.83767030874827 -71.18960705714116)
2024-05-20 14:49:11.588485+00:00,40.8298,14.141331,117.1,196.13,311.35,5687.5,0.05273934453725815,0.0,18,2,0.0061,88.38834764831844,375.0,,,16,POINT Z(14.141331107500635 40.829800017862325 -117.1046316155223)
2024-05-20 14:51:53.528485+00:00,40.822681,14.134075,119.26,-414.41,-480.21,5562.5,0.07150478661060333,147.2216526584734,18,2,0.0665,139.75424859373686,437.5,,,17,POINT Z(14.134075031070036 40.822681304548006 -119.25502935351743)
2024-05-20 15:05:21.538485+00:00,40.82259,14.127593,2559.44,-959.81,-490.25,3437.5,0.14458176493644714,202.52307945695523,18,6,0.2372,139.75424859373686,250.0,,,17,POINT Z(14.12759336986556 40.82259047470482 -2559.435763929701)
2024-05-20 15:14:42.008485+00:00,40.799287,14.150128,589.8,936.72,-3081.51,2937.5,0.05599973350763321,14.617132194205738,17,2,0.0019,503.89110926865936,312.5,,,15,POINT Z(14.150128282163125 40.79928681601596 -589.7995326517237)
2024-05-20 15:40:48.378485+00:00,40.838743,14.151328,84.78,1037.07,1305.81,4687.5,0.0793493390083313,15.179906874931646,17,3,0.0382,225.34695471649934,250.0,,,15,POINT Z(14.151327725173276 40.838742777230415 -84.78086244828023)
2024-05-20 15:46:34.268485+00:00,40.808244,14.08214,104.17,-4785.54,-2084.0,1187.5,0.05865100771188736,0.0,18,1,0.0011,395.28470752104744,1437.5,,,13,POINT Z(14.082139935109318 40.80824420140162 -104.16666666666667)
2024-05-20 15:48:06.028485+00:00,40.801453,14.086014,811.64,-4459.94,-2839.3,1562.5,0.052285242825746536,0.0,18,1,0.0124,279.5084971874737,1000.0,,,13,POINT Z(14.086014040281222 40.80145347138756 -811.6366605645735)
2024-05-20 15:55:42.658485+00:00,40.829135,14.144376,64.04,452.33,237.41,5562.5,0.06601368635892868,0.0,18,1,0.0136,6850.239503112281,2437.5,,,17,POINT Z(14.144376075526303 40.829134924822384 -64.04041328574368)
2024-05-20 15:58:13.278485+00:00,40.827804,14.135388,425.82,-303.91,89.37,5562.5,0.07816243916749954,62.04203524151069,18,3,0.0956,0.0,0.0,,,17,POINT Z(14.135388020100311 40.82780362911116 -425.8171753161703)
2024-05-20 15:59:37.578485+00:00,40.800536,14.084932,1556.54,-4551.08,-2941.24,1437.5,0.07203315943479538,140.19680046677462,18,2,0.9548,4833.5578252463265,1125.0,,,13,POINT Z(14.084932018916874 40.80053620335139 -1556.5416669791452)
2024-05-20 16:01:02.908485+00:00,40.833319,14.136585,576.03,-203.17,702.6,5312.5,0.18518194556236267,77.00360425370252,18,6,0.9447,176.7766952966369,625.0,,,17,POINT Z(14.13658508211791 40.83331856418222 -576.033436923118)
2024-05-20 16:05:36.958485+00:00,40.827633,14.127938,2447.36,-930.74,70.45,3562.5,0.36689522862434387,225.1996722478309,18,16,0.4868,125.0,250.0,,,17,POINT Z(14.127938026604246 40.82763306531534 -2447.3641632795434)
2024-05-20 16:06:38.868485+00:00,40.833311,14.138458,242.94,-45.61,701.8,5312.5,0.08896351605653763,106.66822649978138,18,3,0.7996,1380.6701271484076,3312.5,,,17,POINT Z(14.138457888880932 40.83331143780141 -242.94254816880587)
2024-05-20 16:09:29.388485+00:00,40.835422,14.126467,1951.89,-1054.38,936.55,4062.5,0.1784953624010086,95.04504450530891,18,9,0.6067,673.145600891813,812.5,,,17,POINT Z(14.126467160649979 40.835421876129644 -1951.8918272634764)
2024-05-20 16:12:21.318485+00:00,40.83213,14.104121,2680.64,-2934.49,571.05,3062.5,0.12098715454339981,33.646503330276744,18,3,0.0013,318.6887195995491,1250.0,,,17,POINT Z(14.10412090320275 40.83213032124638 -2680.641576760024)
2024-05-20 16:12:59.548485+00:00,40.849939,14.15901,67.44,1683.08,2550.86,3437.5,0.1076292172074318,0.9519508219436261,18,3,0.0637,125.0,62.5,,,16,POINT Z(14.159010286927792 40.849938666702364 -67.44363911509839)
2024-05-20 16:16:12.088485+00:00,40.80837,14.104241,2928.33,-2925.4,-2071.02,3062.5,0.06151279807090759,142.70883110000472,18,3,0.1816,2003.9024427351746,3500.0,,,16,POINT Z(14.104241463301356 40.80836964282809 -2928.3343843960974)
2024-05-20 16:19:10.528485+00:00,40.825348,14.092477,62.7,-3914.57,-182.61,2062.5,0.07379487156867981,81.2957687042773,18,3,0.0124,1107.5028216668345,1062.5,,,14,POINT Z(14.09247651706546 40.82534841547528 -62.69678304306989)
2024-05-20 16:28:07.738485+00:00,40.865758,14.154385,1308.67,1293.76,4309.86,1687.5,0.0699564665555954,173.2706193698206,18,3,0.6563,450.6939094329987,625.0,,,15,POINT Z(14.15438536870431 40.865758443632394 -1308.6737499688809)
2024-05-20 16:38:17.408485+00:00,40.786912,14.080578,195.11,-4918.57,-4455.97,1062.5,0.055829714983701706,89.27792199056137,18,2,0.0102,139.75424859373686,187.5,,,12,POINT Z(14.080578212513657 40.78691180055139 -195.11258308493504)
2024-05-20 16:58:08.748485+00:00,40.826514,14.145168,81.52,518.95,-54.03,5437.5,0.05107098072767258,132.77333940447255,18,2,0.01,441.9417382415922,437.5,,,16,POINT Z(14.145167611849411 40.826513945959164 -81.51897796707561)
2024-05-20 17:03:56.788485+00:00,40.82537,14.136892,59.34,-177.37,-181.26,5812.5,0.04242369160056114,150.990532405681,18,2,0.0056,364.4344934278313,62.5,,,17,POINT Z(14.136891955691627 40.825369855178614 -59.339897981585096)
2024-05-20 17:12:46.138485+00:00,40.831955,14.096611,75.55,-3566.32,551.79,2437.5,0.1365577131509781,28.753637985161276,18,6,0.6594,3522.2507009013425,4437.5,,,15,POINT Z(14.096611173258864 40.831954645841854 -75.55257595556333)
2024-05-20 17:14:49.498485+00:00,40.805141,14.092195,3053.09,-3939.45,-2429.52,2062.5,0.25384727120399475,154.1578899797941,18,8,0.8163,62.5,625.0,,,13,POINT Z(14.092195084115183 40.80514135923695 -3053.0928359439845)
2024-05-20 17:16:31.738485+00:00,40.80077,14.16463,71.16,2157.38,-2916.37,3062.5,0.04076528176665306,45.24440517055348,18,3,0.1292,7583.3905675495835,1437.5,,,16,POINT Z(14.164630319994991 40.80076961077816 -71.15585307425579)
2024-05-20 17:18:08.898485+00:00,40.806176,14.087622,551.43,-4324.29,-2314.27,1687.5,0.04201176017522812,0.0,18,1,0.0007,822.0591523728691,1062.5,,,13,POINT Z(14.08762197492216 40.80617584020135 -551.428934580055)
2024-05-20 17:21:25.398485+00:00,40.84467,14.143211,125.12,354.2,1964.78,4062.5,0.10958246141672134,15.124132114368308,18,3,0.0127,88.38834764831844,812.5,,,16,POINT Z(14.143210744639468 40.84466963621529 -125.11808881403073)
2024-05-20 17:23:59.588485+00:00,40.807648,14.196447,347.45,4834.97,-2150.23,1187.5,0.051396436989307404,0.0,18,1,0.0053,643.4768838116876,312.5,,,13,POINT Z(14.1964467753011 40.80764824871966 -347.4532438535789)
2024-05-20 17:29:29.668485+00:00,40.830152,14.142881,1550.33,326.56,350.49,4437.5,1.0531761646270752,264.2967908006469,18,31,0.3517,139.75424859373686,250.0,0.8481213070737096,0.11242396495066201,17,POINT Z(14.142881336749289 40.83015200526184 -1550.331312950349)
2024-05-20 17:30:44.628485+00:00,40.806089,14.085913,3692.17,-4468.14,-2323.88,1562.5,0.2292664498090744,215.39041976300683,18,9,0.782,5769.667451422136,2562.5,,,13,POINT Z(14.085912981413047 40.80608865916252 -3692.1715305080265)
2024-05-20 17:32:29.808485+00:00,40.851205,14.121991,3686.39,-1430.57,2691.64,2312.5,0.07689423859119415,162.41260149471736,18,4,0.122,7010.037446404976,3437.5,,,16,POINT Z(14.121991495454424 40.85120524647359 -3686.389748171495)
2024-05-20 17:32:49.388485+00:00,40.837739,14.13549,1811.41,-295.25,1194.15,4187.5,0.6942172050476074,108.79085808763199,18,18,0.4073,139.75424859373686,500.0,0.8035476991124689,0.055654252637123355,17,POINT Z(14.135490359038304 40.83773923402403 -1811.412699460109)
2024-05-20 17:51:14.858485+00:00,40.837997,14.130737,2928.55,-695.1,1222.84,3062.5,1.2307416200637817,239.1032579335098,18,36,0.3044,0.0,625.0,3.259341882895219,0.0701503779903056,17,POINT Z(14.130737329739489 40.8379969762639 -2928.5522493955596)
2024-05-20 17:51:58.448485+00:00,40.835545,14.133805,1723.38,-437.07,950.19,4312.5,0.07329389452934265,40.61688162713551,18,5,0.1473,976.2812094883318,3750.0,,,17,POINT Z(14.133804756787505 40.835545165519235 -1723.378452688072)
2024-05-20 17:52:44.028485+00:00,40.837579,14.115901,2428.75,-1943.23,1176.59,3562.5,0.770380973815918,224.47364289473927,18,23,0.3686,125.0,687.5,,,17,POINT Z(14.115901028749567 40.83757898713517 -2428.7462334513702)
2024-05-20 17:53:07.288485+00:00,40.836314,14.117528,2912.44,-1806.39,1035.86,3062.5,0.2751868665218353,230.38904744915948,18,16,0.2975,395.28470752104744,500.0,,,17,POINT Z(14.117528050875416 40.83631368180767 -2912.43525876707)
2024-05-20 17:53:15.838485+00:00,40.830938,14.138214,2193.01,-66.14,437.89,3812.5,0.15655449032783508,135.64327849237907,18,10,0.5183,250.0,250.0,,,17,POINT Z(14.13821387768039 40.8309380311071 -2193.0146535438153)
2024-05-20 17:53:29.448485+00:00,40.839895,14.117824,2577.04,-1781.4,1434.08,3437.5,0.18866485357284546,137.82213012106683,18,11,0.2355,515.3882032022076,875.0,,,17,POINT Z(14.117823985536408 40.839895029484886 -2577.040220317792)
2024-05-20 17:54:05.238485+00:00,40.816306,14.124945,4797.45,-1182.76,-1189.01,1187.5,0.22129014134407043,266.5149590906483,18,16,0.7827,450.6939094329987,375.0,,,16,POINT Z(14.124945140660968 40.816306095047956 -4797.447349450756)
2024-05-20 17:54:42.088485+00:00,40.828519,14.144131,1059.15,431.75,168.95,4937.5,0.37331801652908325,214.34801636026822,18,11,0.1334,176.7766952966369,0.0,0.23514318558610992,0.048396560459952685,17,POINT Z(14.144131462034002 40.82851928013893 -1059.1535906965096)
2024-05-20 17:55:05.638485+00:00,40.844398,14.12373,1725.27,-1284.5,1934.66,4062.5,0.13494795560836792,117.91830268714276,18,10,0.3813,225.34695471649934,562.5,,,17,POINT Z(14.123729781501961 40.844397810772435 -1725.265643213787)
2024-05-20 17:55:52.898485+00:00,40.834221,14.119136,3308.77,-1671.16,803.08,2687.5,0.4467136263847351,164.85114743575716,18,17,0.4224,534.0002340823457,1000.0,0.9445370470286775,0.05733392836844179,17,POINT Z(14.11913612228437 40.834220537614264 -3308.7712791975164)
2024-05-20 17:56:11.348485+00:00,40.841897,14.115949,2612.27,-1939.07,1656.71,3437.5,0.2265578657388687,127.00891074635467,18,13,0.461,4827.088278662407,3000.0,,,17,POINT Z(14.115949019452556 40.841896844679134 -2612.2656031133674)
2024-05-20 17:56:44.418485+00:00,40.835188,14.126518,3195.78,-1050.12,910.59,2812.5,1.00467848777771,241.77716487583672,18,32,0.5378,125.0,375.0,1.6346920755034708,0.0906996401287131,17,POINT Z(14.126517823894181 40.83518843922863 -3195.782323657419)
2024-05-20 17:57:32.298485+00:00,40.80843,14.145746,1128.3,567.79,-2064.85,3937.5,0.16885165870189667,94.46104409358452,18,8,0.8068,4251.837837923737,3250.0,,,16,POINT Z(14.145746299898374 40.80843012954512 -1128.295008879449)
2024-05-20 17:58:45.948485+00:00,40.823046,14.13702,1184.85,-166.57,-439.66,4812.5,0.37005728483200073,267.7783897254995,18,15,0.2218,125.0,375.0,0.22544785968073616,0.08376525961419722,17,POINT Z(14.13702049490341 40.823046014670936 -1184.846362449722)
2024-05-20 17:59:18.488485+00:00,40.829879,14.133828,1068.15,-435.16,320.11,4937.5,0.09180805832147598,139.5666137802997,18,6,0.326,2675.116819879087,4375.0,,,17,POINT Z(14.133827887603157 40.82987870641477 -1068.1507310783645)
2024-05-20 17:59:31.968485+00:00,40.805078,14.0935,75.37,-3829.59,-2436.6,2187.5,0.09267354756593704,10.266833489250246,18,7,0.6129,6033.759193073585,4437.5,,,13,POINT Z(14.09350036566712 40.805078226848366 -75.37305361118916)
2024-05-20 17:59:55.368485+00:00,40.844458,14.132278,2791.16,-565.43,1941.29,3187.5,0.31533578038215637,110.71732995683982,18,13,0.4094,257.6941016011038,1312.5,,,16,POINT Z(14.132278103998415 40.84445828426841 -2791.158125931216)
2024-05-20 18:00:46.638485+00:00,40.835433,14.11505,2931.96,-2014.91,937.95,3062.5,0.3168703615665436,159.41598095320325,18,15,0.4528,515.3882032022076,875.0,,,17,POINT Z(14.115049749853778 40.83543275097172 -2931.9596481601866)
2024-05-20 18:00:58.958485+00:00,40.835482,14.121816,3936.3,-1445.67,943.29,2062.5,0.16172192990779877,125.63337193161146,18,8,0.2521,1069.8276730389807,750.0,,,17,POINT Z(14.121816089235505 40.83548193902314 -3936.2957840233776)
2024-05-20 18:01:32.658485+00:00,40.806379,14.087896,27.71,-4301.19,-2291.74,1687.5,0.05303060635924339,5.480932453495825,18,2,0.0367,6540.737725975565,4437.5,,,13,POINT Z(14.087896348803815 40.806378614684704 -27.714421349094252)
2024-05-20 18:01:48.998485+00:00,40.843341,14.127984,2296.36,-926.62,1817.14,3687.5,0.16037824749946594,170.50733890818464,18,9,0.4814,1543.6361294035587,1812.5,,,17,POINT Z(14.127984462195979 40.84334136644033 -2296.3616438877925)
2024-05-20 18:02:14.428485+00:00,40.843259,14.124896,2684.49,-1186.4,1808.02,3312.5,0.6839414834976196,121.68154898329112,18,21,0.5671,187.5,1062.5,0.9752000582006914,0.07139158621992624,17,POINT Z(14.124896191813338 40.843259014975544 -2684.4908009016435)
2024-05-20 18:02:40.438485+00:00,40.806203,14.087937,1182.8,-4297.78,-2311.25,1687.5,0.09342056512832642,0.0,18,2,0.0226,5725.491245299393,4375.0,,,13,POINT Z(14.087936932248416 40.806203172753314 -1182.7962136006831)
2024-05-20 18:03:15.218485+00:00,40.829652,14.143939,36.6,415.54,294.92,5562.5,0.09921669960021973,168.66637957123334,18,5,0.7826,5201.036555341637,4437.5,,,17,POINT Z(14.143938838741374 40.8296521819617 -36.60243151966007)
2024-05-20 18:03:18.628485+00:00,40.845527,14.122024,701.3,-1427.92,2060.23,3937.5,0.08831369876861572,46.21472830364405,18,3,0.0118,4759.858191164943,4375.0,,,17,POINT Z(14.122024495864675 40.845526858868446 -701.3020551231724)
2024-05-20 18:03:44.888485+00:00,40.822307,14.145215,46.72,522.94,-521.77,5437.5,0.17176088690757751,232.9537298305719,18,7,0.726,0.0,0.0,,,17,POINT Z(14.145214650766663 40.822307404032735 -46.718133839406065)
2024-05-20 18:04:46.648485+00:00,40.847963,14.129348,955.74,-811.83,2331.03,3687.5,0.22338788211345673,168.27771519161803,18,10,0.1296,125.0,500.0,,,16,POINT Z(14.129348389911943 40.84796305627163 -955.7381410795665)
2024-05-20 18:04:52.758485+00:00,40.84002,14.111631,3261.79,-2302.37,1448.12,2687.5,0.31806468963623047,135.8964963318259,18,10,0.3308,125.0,625.0,,,17,POINT Z(14.111631002701266 40.84002001944004 -3261.791130000683)
2024-05-20 18:05:09.148485+00:00,40.837682,14.111294,3562.29,-2330.82,1188.19,2437.5,0.1647905856370926,147.35505130440578,18,12,0.3705,336.5728004459065,375.0,,,17,POINT Z(14.111293722863191 40.83768236659166 -3562.2929168918954)
2024-05-20 18:05:37.328485+00:00,40.820687,14.127575,1897.31,-961.38,-701.93,4062.5,0.5883870720863342,246.46151774812574,18,23,0.3072,1912.1323175972943,3000.0,0.2764566423626025,0.09162623755048249,17,POINT Z(14.127575079738685 40.820686868602124 -1897.3117835977134)
2024-05-20 18:05:44.008485+00:00,40.824406,14.127943,1939.56,-930.34,-288.4,4062.5,0.3188683092594147,225.0347063592663,18,17,0.2553,1179.2476415070755,4375.0,,,17,POINT Z(14.127943329645536 40.82440587136219 -1939.5638234449848)
2024-05-20 18:06:03.578485+00:00,40.835121,14.108283,3474.9,-2584.23,903.45,2562.5,0.36908671259880066,160.51630240988368,18,15,0.3777,4136.8201858432285,4375.0,0.7946925664971272,0.08091393342239694,17,POINT Z(14.108282706527135 40.83512083749461 -3474.897764419239)
2024-05-20 18:07:21.288485+00:00,40.844495,14.119035,110.26,-1679.43,1945.54,4062.5,0.15875428915023804,56.58379528378839,18,4,0.3991,2899.3533761858007,4437.5,,,17,POINT Z(14.119034760307445 40.844494963334654 -110.262921362536)
2024-05-20 18:07:38.768485+00:00,40.834264,14.104043,2809.29,-2940.97,808.33,3062.5,0.19267351925373077,164.71543877474005,18,7,0.3366,3302.461203405727,4375.0,,,16,POINT Z(14.104042782577237 40.834264241501636 -2809.290515674201)
2024-05-20 18:08:16.378485+00:00,40.834369,14.119449,2724.07,-1644.84,819.61,3312.5,0.5128918290138245,164.0204678514997,18,17,0.4391,3875.503999481874,3000.0,0.7283238765593278,0.08529345419333532,17,POINT Z(14.119448916762645 40.834369296270545 -2724.0718274077235)
2024-05-20 18:08:51.628485+00:00,40.82928,14.13734,1120.39,-139.68,253.48,4937.5,0.394270122051239,186.9641571183892,18,13,0.3726,625.0,4375.0,0.17946131432287613,0.17672218594312464,16,POINT Z(14.13733984033463 40.82927960730984 -1120.3937128522957)
2024-05-20 18:09:17.008485+00:00,40.81932,14.141347,1806.42,197.47,-854.0,4187.5,0.13911749422550201,278.0464071142626,18,10,0.3178,4275.657844121767,4375.0,,,16,POINT Z(14.141346708710783 40.81931980840145 -1806.4174801040126)
2024-05-20 18:09:37.788485+00:00,40.827937,14.137894,2340.84,-93.06,104.17,3687.5,0.9947586059570312,231.0090483785637,18,28,0.3134,910.0137361600648,1500.0,1.3670135876103728,0.0326631824029956,17,POINT Z(14.137893958349734 40.82793678805829 -2340.840467581427)
2024-05-20 18:10:03.468485+00:00,40.827691,14.138652,2569.97,-29.28,76.88,3437.5,1.321670651435852,265.80460227687445,18,36,0.2795,176.7766952966369,437.5,3.9967289859726733,0.02648458881656611,16,POINT Z(14.138652037568127 40.82769139113657 -2569.967167827075)
2024-05-20 18:12:03.258485+00:00,40.831007,14.15003,1449.75,928.01,445.57,4562.5,0.3026551902294159,188.49093389197702,18,16,0.3162,125.0,250.0,,,16,POINT Z(14.150030098780972 40.831006567211475 -1449.752261675956)
2024-05-20 18:12:24.008485+00:00,40.827527,14.149996,1076.98,925.23,58.65,4937.5,0.853211522102356,302.84653887170924,18,34,0.4152,125.0,250.0,1.71029352927249,0.04568990724415909,17,POINT Z(14.149996470102742 40.82752697449705 -1076.9796192046233)
2024-05-20 18:12:46.628485+00:00,40.823232,14.129438,2468.61,-804.59,-418.93,3562.5,0.6193124055862427,235.78485491224143,18,24,0.2386,395.28470752104744,375.0,1.5715336157321864,0.05649986429779775,17,POINT Z(14.12943798260514 40.82323206890489 -2468.611897876148)
2024-05-20 18:13:01.718485+00:00,40.824411,14.130764,2675.87,-692.98,-287.8,3312.5,0.27039390802383423,230.9441725005932,18,21,0.2374,1716.1912772182477,1812.5,,,17,POINT Z(14.13076421870168 40.8244114918259 -2675.869420423603)
2024-05-20 18:14:32.738485+00:00,40.83207,14.147104,1464.7,681.78,563.78,4562.5,0.3863750994205475,170.6471181484868,18,17,0.4272,0.0,250.0,1.096163324725897,0.051316929404749426,17,POINT Z(14.147103584699213 40.83206989918612 -1464.7018396684657)
2024-05-20 18:15:08.218485+00:00,40.829209,14.147019,1096.66,674.7,245.68,4937.5,0.2894585430622101,238.65970623477824,18,14,0.1071,139.75424859373686,125.0,,,15,POINT Z(14.147019109436288 40.829209166790406 -1096.65938831325)
2024-05-20 18:15:33.228485+00:00,40.828791,14.148866,1262.06,830.09,199.21,4687.5,0.31553515791893005,263.3668147923162,18,24,0.7576,728.8689868556626,3000.0,0.9923595670657976,0.029104455713861957,15,POINT Z(14.14886582524783 40.82879109019748 -1262.0625115604435)
2024-05-20 18:16:07.478485+00:00,40.831106,14.148397,1327.04,790.58,456.58,4687.5,0.307852178812027,182.92926748590824,18,16,0.455,1075.2906583803283,3000.0,,,17,POINT Z(14.148396617855093 40.83110574474713 -1327.0382608608843)
2024-05-20 18:16:58.798485+00:00,40.826621,14.146212,1708.56,606.85,-42.13,4312.5,1.057472586631775,290.3504622782958,18,35,0.3956,176.7766952966369,375.0,1.375187097354689,0.05287466766019235,16,POINT Z(14.146212350465147 40.826620878513395 -1708.555360410172)
2024-05-20 18:17:49.018485+00:00,40.833083,14.150243,1951.51,945.94,676.45,4062.5,0.25967279076576233,104.67805330192908,18,12,0.5508,1629.8006013006623,3000.0,,,16,POINT Z(14.150243486408748 40.83308290659975 -1951.5104837353788)
2024-05-20 18:18:09.498485+00:00,40.836441,14.112801,3055.66,-2204.03,1050.17,2937.5,0.380539208650589,224.96710503168958,18,24,0.749,4148.135876511279,3000.0,1.144130717645397,0.07526771893909004,17,POINT Z(14.112801428971434 40.83644146066886 -3055.661132639333)
2024-05-20 18:18:50.018485+00:00,40.825428,14.144449,945.74,458.5,-174.73,5062.5,0.24215923249721527,281.73093213626964,18,16,0.8324,951.9716382329885,3000.0,0.357109063519938,0.0538703980753536,16,POINT Z(14.144449092976311 40.825428446679865 -945.7387889438539)
2024-05-20 18:19:14.118485+00:00,40.826267,14.141266,1605.01,190.62,-81.48,4437.5,0.9683539271354675,283.732341917063,18,29,0.242,0.0,250.0,1.178489929633983,0.044915863672168176,17,POINT Z(14.141265510704619 40.82626718965111 -1605.008554187068)
2024-05-20 18:19:57.808485+00:00,40.831136,14.139759,1789.14,63.82,459.9,4187.5,0.8712595105171204,260.4696235197635,18,24,0.1261,125.0,250.0,0.8455326990417072,0.0584147925660939,17,POINT Z(14.139758557006571 40.8311359643358 -1789.1394720060202)
2024-05-20 18:20:34.288485+00:00,40.825441,14.148663,1073.05,813.08,-173.3,4937.5,0.38089719414711,241.96181521924314,18,16,0.1812,125.0,0.0,0.5638683796722339,0.09617749470074882,17,POINT Z(14.148663264255953 40.82544108610879 -1073.0463757101872)
2024-05-20 18:21:37.728485+00:00,40.826311,14.141347,1682.8,197.48,-76.61,4312.5,0.3079293966293335,277.1038446072869,18,18,0.1989,279.5084971874737,250.0,1.1052381043321287,0.08629132294804841,17,POINT Z(14.141346984029807 40.82631101649143 -1682.7998843314972)
2024-05-20 18:22:31.018485+00:00,40.824429,14.141339,1791.66,196.85,-285.9,4187.5,0.40043285489082336,262.49629772106624,18,17,0.1988,0.0,250.0,0.28020613348041884,0.08123582749190617,17,POINT Z(14.141339466564817 40.824428826558005 -1791.656557470206)
2024-05-20 18:23:06.488485+00:00,40.850131,14.114414,2604.17,-2067.9,2572.39,3312.5,0.32549524307250977,18.613086151778816,18,15,0.4386,395.28470752104744,1625.0,1.1977455758842503,0.12121673072195717,15,POINT Z(14.114414406514275 40.8501314139182 -2604.1666666666665)
2024-05-20 18:24:22.818485+00:00,40.828879,14.129669,2435.85,-785.05,209.01,3562.5,0.34246382117271423,190.11695251573795,18,15,0.2699,176.7766952966369,250.0,0.35857972106132596,0.05241453392863357,17,POINT Z(14.129669403198772 40.82887931622819 -2435.8473182727976)
2024-05-20 18:24:43.218485+00:00,40.827743,14.144487,1460.04,461.65,82.64,4562.5,0.2876943349838257,244.56256374001828,18,17,0.119,0.0,187.5,,,16,POINT Z(14.144486793520274 40.82774302606651 -1460.0427906997063)
2024-05-20 18:25:45.968485+00:00,40.830765,14.134067,2296.41,-415.01,418.61,3687.5,0.28796735405921936,132.92513675180413,18,12,0.3334,1816.805231718579,2000.0,,,17,POINT Z(14.134067299267727 40.83076454268259 -2296.4092045921607)
2024-05-20 18:26:14.688485+00:00,40.83317,14.139823,1701.64,69.28,686.08,4312.5,0.7426825165748596,152.3012524059733,18,23,0.2051,125.0,250.0,0.5757872339202232,0.07574153551895668,17,POINT Z(14.139823498583665 40.833170083422 -1701.6439523808813)
2024-05-20 18:27:17.618485+00:00,40.835376,14.136819,2055.33,-183.5,931.35,3937.5,0.47163429856300354,143.99335374008723,18,17,0.2684,1427.9574573494829,687.5,,,17,POINT Z(14.13681885510147 40.83537582498718 -2055.3336213454004)
2024-05-20 18:27:52.338485+00:00,40.830296,14.144668,1236.07,476.88,366.53,4812.5,0.6252667903900146,170.1686393087195,18,21,0.2061,0.0,312.5,0.6504477598455426,0.1048597875050344,17,POINT Z(14.144668011785884 40.83029615363729 -1236.0730657612253)
2024-05-20 18:29:07.388485+00:00,40.833015,14.139459,1805.71,38.6,668.85,4187.5,0.2100284844636917,219.22862129146569,18,7,0.6104,951.9716382329885,3000.0,,,17,POINT Z(14.139458819755749 40.83301514940903 -1805.7065346784862)
2024-05-20 18:30:46.368485+00:00,40.829238,14.130334,2468.45,-729.17,248.87,3562.5,0.22883085906505585,136.96901444614807,18,9,0.1112,673.145600891813,375.0,,,17,POINT Z(14.13033357093419 40.82923778004647 -2468.4512231613207)
2024-05-20 18:31:11.738485+00:00,40.831999,14.146207,1190.84,606.34,555.9,4812.5,0.6193544268608093,137.8072207748519,18,20,0.5171,125.0,0.0,0.36388522629820363,0.049365949011219136,17,POINT Z(14.146206844208443 40.83199908004269 -1190.843678994354)
2024-05-20 18:31:59.938485+00:00,40.824086,14.138558,1159.42,-37.18,-323.97,4812.5,0.7655807137489319,274.56577810117267,18,22,0.1471,0.0,250.0,0.5742810209378353,0.041589861225376855,17,POINT Z(14.138558126906437 40.82408647702978 -1159.4249700354549)
2024-05-20 18:33:08.438485+00:00,40.821929,14.129359,1928.55,-811.24,-563.83,4062.5,0.5036974549293518,243.4552169944148,18,19,0.3193,279.5084971874737,250.0,,,17,POINT Z(14.129359170161058 40.821928925669454 -1928.5463067644905)
2024-05-20 18:34:24.568485+00:00,40.82203,14.142076,1555.85,258.83,-552.65,4437.5,0.4491657018661499,281.3600898187507,18,17,0.5118,176.7766952966369,125.0,,,17,POINT Z(14.142076004449661 40.822029873732234 -1555.854623654694)
2024-05-20 18:34:48.038485+00:00,40.827598,14.147483,1550.21,713.72,66.48,4437.5,0.18796111643314362,239.05211901874304,18,13,0.3731,139.75424859373686,250.0,,,17,POINT Z(14.147482656162012 40.827597575701425 -1550.210763447903)
2024-05-20 18:35:29.218485+00:00,40.815193,14.124845,4303.93,-1191.19,-1312.76,1687.5,0.17773981392383575,264.1102184244265,18,14,0.7121,1546.1646096066227,3187.5,,,16,POINT Z(14.124845295259117 40.81519316960007 -4303.934192324971)
2024-05-20 18:35:56.838485+00:00,40.841023,14.117347,2190.07,-1821.45,1559.48,3812.5,0.21400976181030273,60.61942945303065,18,12,0.2515,1985.297521783574,1875.0,,,17,POINT Z(14.117347494607202 40.84102274439899 -2190.069780793839)
2024-05-20 18:36:10.028485+00:00,40.825663,14.141896,586.5,243.66,-148.67,5437.5,0.20268873870372772,167.63744330382218,18,9,0.1119,1404.5128158902644,1812.5,0.16517630301562913,0.03185296464631457,16,POINT Z(14.141895826276102 40.82566289876878 -586.5022175209275)
2024-05-20 18:36:45.948485+00:00,40.829745,14.14984,1462.67,912.07,305.31,4562.5,0.28125134110450745,186.7858014939768,18,18,0.2602,0.0,250.0,,,16,POINT Z(14.149840365248659 40.82974517013015 -1462.665878928307)
2024-05-20 18:37:28.058485+00:00,40.82741,14.148106,1812.23,766.2,45.62,4187.5,1.309122920036316,311.52584210200877,18,36,0.3306,279.5084971874737,250.0,1.7146821959710565,0.09836013503612445,16,POINT Z(14.148106297849395 40.82740992046508 -1812.2290650129262)
2024-05-20 18:38:36.038485+00:00,40.825552,14.147349,1547.7,702.48,-160.98,4437.5,0.8187389969825745,295.57022669814654,18,23,0.2814,0.0,125.0,1.034638864930087,0.10197032626819245,17,POINT Z(14.147348802598705 40.82555197673141 -1547.6962753419075)
2024-05-20 18:38:50.248485+00:00,40.827485,14.148117,1050.13,767.1,53.97,4937.5,0.150748610496521,226.3026550948307,18,12,0.2345,2096.313728906053,1687.5,0.28882236300495684,0.04797720506113105,17,POINT Z(14.148116989576785 40.82748498598301 -1050.1334911069807)
2024-05-20 18:39:45.808485+00:00,40.827769,14.147981,1068.03,755.66,85.58,4937.5,0.29691195487976074,262.54556472842694,18,16,0.3823,0.0,250.0,0.7215312337285342,0.1285212431853526,17,POINT Z(14.147981103895278 40.82776932010972 -1068.0341771192388)
2024-05-20 18:40:01.418485+00:00,40.827509,14.129526,1814.24,-797.1,56.59,4187.5,0.22333365678787231,202.65759015912624,18,13,0.2194,62.5,500.0,,,17,POINT Z(14.12952643825118 40.827508544635144 -1814.2425357771162)
2024-05-20 18:40:31.428485+00:00,40.832502,14.103855,2934.82,-2956.89,612.36,3062.5,0.2508319318294525,145.09554557548736,18,10,0.7378,3085.3737617993706,1562.5,,,15,POINT Z(14.103854508696964 40.83250174237733 -2934.823420189018)
2024-05-20 18:40:59.288485+00:00,40.823433,14.128031,2040.96,-922.99,-396.58,3937.5,0.46715033054351807,231.63454993090875,18,19,0.3219,450.6939094329987,375.0,0.7536953157951654,0.09311620612384838,17,POINT Z(14.128030864681746 40.823432913794655 -2040.9631254656142)
2024-05-20 18:41:45.768485+00:00,40.831201,14.136783,2170.99,-186.56,467.13,3812.5,0.5622138381004333,258.2741073671105,18,21,0.507,125.0,250.0,0.5999897321607479,0.03539325920455567,17,POINT Z(14.136782597735246 40.83120097267453 -2170.991867386697)
2024-05-20 18:42:05.618485+00:00,40.827375,14.134898,1669.91,-345.16,41.74,4312.5,0.24725490808486938,178.7601001605758,18,13,0.1349,625.0,937.5,0.4703095718657352,0.03860737291334245,17,POINT Z(14.134897736900975 40.827375326657744 -1669.9145702851702)
2024-05-20 18:44:06.578485+00:00,40.830802,14.133542,1838.29,-459.23,422.76,4187.5,0.30447158217430115,131.83906142573557,18,12,0.2609,88.38834764831844,250.0,,,17,POINT Z(14.133541752181658 40.8308018323492 -1838.286804773785)
2024-05-20 18:45:18.908485+00:00,40.836456,14.135276,1698.76,-313.32,1051.5,4312.5,0.8772517442703247,246.80806960759995,18,24,0.2496,250.0,375.0,0.5445833207584289,0.043080373916911496,17,POINT Z(14.135275623313474 40.836456343325686 -1698.7600553460925)
2024-05-20 18:45:41.968485+00:00,40.834104,14.135325,1701.0,-309.2,789.91,4312.5,0.42848628759384155,185.18169035888405,18,22,0.3702,176.7766952966369,375.0,0.3202674205596703,0.07001269108940372,17,POINT Z(14.135324743646445 40.834103805946455 -1700.9977827509872)
2024-05-20 18:46:23.308485+00:00,40.821462,14.128554,1972.12,-878.97,-615.79,4062.5,0.5962110161781311,244.28875671036437,18,20,0.2612,279.5084971874737,375.0,0.5737427716817481,0.048153805420573605,17,POINT Z(14.128554375513916 40.82146158284773 -1972.1220350264593)
2024-05-20 18:47:27.768485+00:00,40.835259,14.142753,2546.06,315.72,918.36,3437.5,0.1632230281829834,92.16268666670612,18,8,0.2977,1858.2585934148133,3000.0,,,17,POINT Z(14.142752811073253 40.83525890416311 -2546.056120219323)
2024-05-20 18:47:46.008485+00:00,40.839027,14.134362,1604.17,-390.15,1337.38,4312.5,0.23293191194534302,105.14705115515397,18,11,0.332,2128.6732957408003,2000.0,,,17,POINT Z(14.134362256047327 40.83902725773197 -1604.1666666666667)
2024-05-20 18:48:37.238485+00:00,40.83517,14.133556,1828.18,-457.99,908.47,4187.5,0.45563361048698425,150.49614235160323,18,21,0.5316,0.0,500.0,0.3640931749939846,0.05591307014864823,17,POINT Z(14.133556085584226 40.83516991192772 -1828.1760469732367)
2024-05-20 18:49:05.858485+00:00,40.82303,14.150393,2581.44,958.65,-441.41,3437.5,0.1718168705701828,125.354514807572,18,7,0.0974,2125.0,3000.0,,,17,POINT Z(14.150392870190826 40.82302971968032 -2581.4400881151223)
2024-05-20 18:49:18.898485+00:00,40.834375,14.132599,1697.79,-538.5,820.08,4312.5,0.29910585284233093,127.94771635158975,18,13,0.3181,1318.4389443580617,1187.5,,,17,POINT Z(14.132599200931924 40.834374942271936 -1697.7910337733924)
2024-05-20 18:49:55.238485+00:00,40.833091,14.143833,1301.96,406.62,677.31,4687.5,0.3353390395641327,113.92513944422839,18,14,0.2224,279.5084971874737,312.5,0.24806783450137082,0.05877536468055365,17,POINT Z(14.143833124099817 40.833091127122856 -1301.9589450378828)
2024-05-20 18:51:45.398485+00:00,40.82501,14.143172,1473.35,351.04,-221.28,4562.5,0.2788524925708771,286.94425772534265,18,14,0.156,883.8834764831844,2250.0,0.21579403562437416,0.15846504591251204,16,POINT Z(14.1431720116293 40.82500988614339 -1473.3531814539463)
2024-05-20 18:52:53.498485+00:00,40.826505,14.141387,954.55,200.87,-55.03,5062.5,0.43582776188850403,269.8390759527414,18,13,0.2225,559.0169943749474,1000.0,0.25201603546373696,0.04930472872846375,17,POINT Z(14.141387286454444 40.82650511295468 -954.5514793871173)
2024-05-20 18:53:31.178485+00:00,40.822154,14.137081,941.89,-161.46,-538.9,5062.5,0.821536123752594,271.59842597946863,18,22,0.3057,125.0,375.0,0.3683505277875038,0.03404742574022804,17,POINT Z(14.137081187674202 40.822153502363946 -941.8942994104689)
2024-05-20 18:54:28.118485+00:00,40.81192,14.12335,1696.92,-1317.13,-1676.65,4312.5,0.47316235303878784,256.85328482961836,18,22,0.6155,2790.889195220763,1000.0,0.5636307026582219,0.15239840712748792,16,POINT Z(14.12334951041943 40.81192042506693 -1696.92240843132)
2024-05-20 18:55:01.098485+00:00,40.83202,14.104192,2810.03,-2928.52,558.8,3062.5,0.2939179241657257,180.75974742110893,18,13,0.3676,4400.372853520484,2687.5,,,17,POINT Z(14.1041919115293 40.8320201958426 -2810.02942600424)
2024-05-20 18:55:10.828485+00:00,40.828915,14.136864,1460.25,-179.73,212.94,4562.5,0.4916638731956482,163.97866539156044,18,18,0.2067,279.5084971874737,375.0,0.6001587541732121,0.12165348706080423,17,POINT Z(14.136863792768711 40.82891497721763 -1460.249903305156)
2024-05-20 18:55:46.038485+00:00,40.831962,14.13266,1937.94,-533.38,551.77,4062.5,0.5636510848999023,253.90924907901808,18,19,0.3116,176.7766952966369,375.0,0.32332761216140005,0.0910657240944365,17,POINT Z(14.13266026269244 40.831962015585525 -1937.938351808856)
2024-05-20 18:56:40.258485+00:00,40.831854,14.145147,2090.93,517.15,539.77,3937.5,0.34795597195625305,114.06137392214072,18,14,0.2732,833.8540040078958,2062.5,0.08839554661377064,0.048434627501976135,17,POINT Z(14.145146727469625 40.83185406118213 -2090.9315989683346)
2024-05-20 18:58:05.048485+00:00,40.825359,14.142891,1568.76,327.35,-182.45,4437.5,0.6558974385261536,289.499592319307,18,19,0.333,250.0,125.0,0.8962834015624298,0.11959876189361983,16,POINT Z(14.142890511966696 40.8253591500397 -1568.764186767618)
2024-05-20 18:58:31.378485+00:00,40.823097,14.141139,1153.31,179.98,-434.03,4812.5,0.24969632923603058,258.09387353903537,18,12,0.2538,1069.8276730389807,1375.0,,,17,POINT Z(14.141138932281487 40.82309663246608 -1153.3113187465374)
2024-05-20 18:59:09.308485+00:00,40.837605,14.142552,2066.8,298.83,1179.18,3937.5,0.3813188076019287,92.51915997118272,18,18,0.302,279.5084971874737,625.0,0.312233117005557,0.048461666874772394,16,POINT Z(14.142552211781291 40.83760461089048 -2066.80253931442)
2024-05-20 18:59:19.878485+00:00,40.825281,14.1487,1080.44,816.14,-191.06,4937.5,0.2515099346637726,241.5901046487118,18,15,0.1802,395.28470752104744,1375.0,0.08107581389271394,0.07320996184944589,17,POINT Z(14.148699606092146 40.82528134287697 -1080.4355035695412)
2024-05-20 19:00:07.138485+00:00,40.824091,14.150026,111.09,927.78,-323.39,5062.5,0.34793490171432495,195.38389840167747,18,13,0.666,88.38834764831844,125.0,,,17,POINT Z(14.150026170737066 40.82409116847212 -111.09001634682116)
2024-05-20 19:00:39.598485+00:00,40.831905,14.144055,1805.6,425.27,545.44,4187.5,0.30887871980667114,118.52613136805712,17,13,0.6382,2128.6732957408003,3250.0,,,16,POINT Z(14.14405472032468 40.831905121945645 -1805.604727952564)
2024-05-20 19:01:02.888485+00:00,40.807151,14.149789,1330.32,908.09,-2207.01,3812.5,0.25971439480781555,84.98865206952132,17,8,0.302,3281.1011871016717,4250.0,,,15,POINT Z(14.149789356899927 40.80715136199422 -1330.3192927920022)
2024-05-20 19:01:30.708485+00:00,40.824102,14.1545,934.38,1304.2,-322.1,4687.5,0.27558860182762146,158.0089694648555,17,11,0.1272,1789.7276329095441,4250.0,-0.12150922087178676,0.07130366471683379,16,POINT Z(14.154499664042701 40.82410227552809 -934.378692085434)
2024-05-20 19:01:45.358485+00:00,40.82466,14.140193,1928.63,100.37,-260.24,4062.5,0.3064740002155304,287.76400037404795,17,20,0.646,951.9716382329885,3250.0,0.23213924340213463,0.06127755772726534,16,POINT Z(14.140192865871686 40.82465960057109 -1928.6344657774662)
2024-05-20 19:02:08.478485+00:00,40.843256,14.110232,3917.31,-2419.95,1807.94,2062.5,0.24970023334026337,120.48680821023555,17,12,0.4678,6327.334055508686,4250.0,,,16,POINT Z(14.11023182191661 40.843255605543554 -3917.313259328445)
2024-05-20 19:03:15.428485+00:00,40.820787,14.138471,1086.0,-44.48,-690.82,4937.5,0.47345679998397827,265.1224085162883,17,16,0.2355,1179.2476415070755,2500.0,0.14921073791892703,0.1408734446431867,16,POINT Z(14.13847143777073 40.820787290792126 -1086.0011764137162)
2024-05-20 19:03:18.848485+00:00,40.82957,14.144321,1916.65,447.71,285.76,4062.5,0.42444825172424316,182.88798738220203,17,19,0.3782,1667.7080080157916,3250.0,,,16,POINT Z(14.144321207714327 40.82956982098893 -1916.649017984487)
2024-05-20 19:03:47.858485+00:00,40.825207,14.141046,1571.18,172.12,-199.41,4437.5,1.0964778661727905,296.50882564173486,17,28,0.3231,125.0,125.0,1.0170959164790543,0.04033378197106447,16,POINT Z(14.141045593361538 40.825206664541135 -1571.1767993252656)
2024-05-20 19:04:25.128485+00:00,40.829851,14.123699,2197.46,-1287.36,317.13,3812.5,0.24101285636425018,148.68940933943523,17,6,0.3172,3860.861302870125,4250.0,,,16,POINT Z(14.123699042919487 40.82985100941171 -2197.4643725652368)
2024-05-20 19:04:42.568485+00:00,40.823404,14.148705,1310.56,816.63,-399.77,4687.5,0.22067973017692566,281.1285576078826,17,10,0.5493,951.9716382329885,4250.0,,,16,POINT Z(14.148705121861225 40.823404381575294 -1310.556402617784)
2024-05-20 19:05:02.068485+00:00,40.822784,14.133669,1705.98,-448.6,-468.74,4312.5,0.9615515470504761,251.98440172197073,17,23,0.2449,88.38834764831844,437.5,0.4981240988481923,0.03811455380728293,16,POINT Z(14.133668723226416 40.82278440283995 -1705.984517027562)
2024-05-20 19:05:30.788485+00:00,40.831867,14.103928,2859.0,-2950.73,541.81,3062.5,0.28244033455848694,181.98459036076719,17,16,0.76,4131.150717415186,2562.5,0.8338208491231458,0.08075031665822963,16,POINT Z(14.10392797943578 40.83186726659169 -2859.003136796534)
2024-05-20 19:06:28.838485+00:00,40.831061,14.136961,2196.55,-171.53,451.54,3812.5,0.7048619985580444,173.2918640779061,17,22,0.1849,353.5533905932738,375.0,0.780438940961693,0.03086338689485152,16,POINT Z(14.1369612974414 40.83106076121472 -2196.545727972638)
2024-05-20 19:07:05.668485+00:00,40.833129,14.13503,1886.47,-334.01,681.48,4187.5,0.4447748363018036,160.90988524374077,17,16,0.1417,176.7766952966369,375.0,,,16,POINT Z(14.135029896532025 40.833128632137516 -1886.4677280577016)
2024-05-20 19:08:34.308485+00:00,40.820979,14.132834,1552.33,-518.82,-669.46,4437.5,0.7406305074691772,258.3041728781076,17,22,0.1654,176.7766952966369,500.0,0.8767980691628124,0.037188498212696285,16,POINT Z(14.13283440962014 40.82097926746549 -1552.3336730343958)
2024-05-20 19:08:46.528485+00:00,40.830541,14.145841,1312.41,575.54,393.78,4687.5,0.4187249541282654,203.40717044464765,17,20,0.2404,88.38834764831844,187.5,,,15,POINT Z(14.145840630684818 40.83054114114603 -1312.4081082563375)
2024-05-20 19:10:31.708485+00:00,40.847739,14.084383,3747.4,-4593.98,2307.46,1437.5,0.4508124887943268,74.0824088910012,17,21,0.6601,187.5,1250.0,1.1964063971368657,0.07314783719576161,11,POINT Z(14.084383478676745 40.847738576828526 -3747.398130906267)
2024-05-20 19:11:07.818485+00:00,40.828922,14.138313,2524.76,-57.78,213.69,3437.5,0.19907739758491516,171.43823524806726,17,11,0.3909,625.0,1812.5,,,15,POINT Z(14.138313265240761 40.82892179856799 -2524.7602804797903)
2024-05-20 19:12:11.648485+00:00,40.830213,14.141463,1130.17,207.22,357.29,4937.5,0.21911251544952393,135.59177445138644,17,8,0.0876,176.7766952966369,125.0,,,15,POINT Z(14.141462959299066 40.83021315910605 -1130.1668552172969)
2024-05-20 19:12:43.728485+00:00,40.833213,14.120315,1684.77,-1571.98,691.01,4312.5,0.18896721303462982,127.98337660681938,17,9,0.5885,2100.9670392464513,1062.5,,,16,POINT Z(14.12031531283478 40.833212870770964 -1684.768456776898)
2024-05-20 19:13:23.388485+00:00,40.829783,14.131864,2171.04,-600.39,309.51,3812.5,0.466987282037735,184.31139495094914,17,16,0.3256,125.0,375.0,,,16,POINT Z(14.131864122578817 40.82978325701949 -2171.035785700957)
2024-05-20 19:13:51.478485+00:00,40.829892,14.141895,1090.23,243.61,321.53,4937.5,0.21377329528331757,152.55454468613243,17,8,0.3133,88.38834764831844,375.0,,,16,POINT Z(14.141895422475509 40.82989153442543 -1090.229846746952)
2024-05-20 19:15:12.818485+00:00,40.829528,14.178352,98.21,3310.94,281.88,2687.5,0.15411017835140228,95.10140480523842,17,6,0.5268,8370.567857081143,687.5,,,14,POINT Z(14.178352039496572 40.82952829539805 -98.20727016286627)
2024-05-20 19:15:40.318485+00:00,40.830039,14.136402,2046.73,-218.56,337.91,3937.5,0.2246551662683487,140.97134353614842,17,9,0.506,176.7766952966369,250.0,,,16,POINT Z(14.136402278284516 40.83003887908325 -2046.7330243572942)
2024-05-20 19:16:00.848485+00:00,40.842289,14.124871,1043.9,-1188.56,1700.13,4312.5,0.37704187631607056,125.540574802485,17,16,0.5107,62.5,687.5,0.3965823802083259,0.12450901002286344,16,POINT Z(14.124870776252973 40.84228878363256 -1043.90262597823)
2024-05-20 19:16:21.588485+00:00,40.828056,14.141514,581.56,211.55,117.37,5437.5,0.29821816086769104,236.62172803187357,17,10,0.2301,176.7766952966369,0.0,,,16,POINT Z(14.141514285170391 40.82805555075026 -581.564322669207)
2024-05-20 19:17:38.738485+00:00,40.822677,14.142588,1778.82,301.92,-480.71,4187.5,0.3928748071193695,249.44960166457417,17,18,0.4577,336.5728004459065,312.5,0.09885540435039347,0.07177928691008824,16,POINT Z(14.142588109037305 40.822676779816504 -1778.818848712804)
2024-05-20 19:17:46.618485+00:00,40.830582,14.141415,558.96,203.19,398.25,5437.5,0.2045493721961975,139.8837797739617,17,9,0.3445,5003.904725312023,562.5,-0.0070823358832548325,0.0472572315782386,16,POINT Z(14.141415013641073 40.83058153333899 -558.9624537378081)
2024-05-20 19:18:14.648485+00:00,40.826218,14.141344,1812.33,197.26,-86.97,4187.5,0.4535644054412842,276.674728367513,17,15,0.2276,125.0,250.0,-0.028573886472600507,0.06636613112880428,16,POINT Z(14.141344346724335 40.82621779665012 -1812.3283335452593)
2024-05-20 19:18:56.058485+00:00,40.828794,14.142375,692.7,283.94,199.5,5312.5,0.3670876920223236,200.5092767130616,17,11,0.1153,395.28470752104744,500.0,-0.047972335755223985,0.04821942582645616,16,POINT Z(14.142374747852278 40.828794064627594 -692.7047979407797)
2024-05-20 19:19:02.368485+00:00,40.8084,14.087726,101.47,-4315.36,-2067.02,1687.5,0.2128293365240097,173.57731302094012,17,9,0.1481,88.38834764831844,125.0,,,13,POINT Z(14.08772642563967 40.80839952648219 -101.4742073454512)
2024-05-20 19:20:51.148485+00:00,40.831972,14.129296,2578.19,-816.45,552.91,3437.5,0.3094763457775116,181.3153604767972,17,13,0.6015,2798.576647154764,2625.0,,,16,POINT Z(14.129295796385588 40.831972035302 -2578.1856326826737)
2024-05-20 19:22:27.968485+00:00,40.821808,14.135363,1607.73,-306.02,-577.29,4437.5,0.8504597544670105,242.86979121192417,17,21,0.3361,125.0,125.0,0.23186472950746181,0.047942555246926,16,POINT Z(14.135363292655633 40.82180826730319 -1607.7319777218358)
2024-05-20 19:23:12.718485+00:00,40.830621,14.149979,1323.08,923.69,402.73,4687.5,0.16767558455467224,123.92370814419493,17,10,0.2427,1625.0,3375.0,0.05612174621144808,0.047495911783281435,15,POINT Z(14.149978663526262 40.83062135150329 -1323.0840179146553)
2024-05-20 19:23:24.998485+00:00,40.830904,14.148746,1323.39,820.01,434.15,4687.5,0.15149277448654175,94.32352094162019,17,11,0.1344,1525.819451966713,3375.0,,,15,POINT Z(14.148746353016048 40.830904032791764 -1323.3932055428697)
2024-05-20 19:23:46.638485+00:00,40.822651,14.157038,109.71,1517.78,-483.41,4437.5,0.20729152858257294,150.1099647416067,17,8,0.4165,2741.4640249326635,3437.5,,,16,POINT Z(14.157037568745423 40.8226511495465 -109.70576958430453)
2024-05-20 19:24:12.308485+00:00,40.831001,14.135426,2031.68,-300.73,444.95,3937.5,0.31689393520355225,132.79624690160017,17,11,0.4308,1956.559480312316,2625.0,,,16,POINT Z(14.135425619956393 40.831001431850325 -2031.6768940542283)
2024-05-20 19:24:35.448485+00:00,40.823017,14.13997,1558.94,81.61,-442.86,4437.5,0.6937418580055237,265.34061603672063,17,20,0.1884,197.64235376052372,312.5,0.2245174787607458,0.08451689987656312,16,POINT Z(14.13996985616928 40.82301724306684 -1558.937726803662)
2024-05-20 19:26:29.978485+00:00,40.826214,14.132246,1423.02,-568.26,-87.34,4562.5,0.9126132726669312,219.85995127829358,17,22,0.1611,0.0,375.0,0.45954424922808856,0.07196708713831887,16,POINT Z(14.13224636582182 40.82621435941115 -1423.0200765616205)
2024-05-20 19:26:57.598485+00:00,40.824169,14.129513,2578.29,-798.28,-314.78,3437.5,0.17140869796276093,189.58567988772785,17,6,0.0689,1741.048534648015,3000.0,,,16,POINT Z(14.129512811671662 40.824168752622654 -2578.2878603513586)
2024-05-20 19:27:25.988485+00:00,40.831896,14.133569,1675.93,-456.9,544.38,4312.5,0.788784384727478,170.25010963515143,17,23,0.2306,176.7766952966369,500.0,0.5394583548820812,0.0970810475786894,16,POINT Z(14.133569397273039 40.831895631037376 -1675.9268775713508)
2024-05-20 19:28:16.148485+00:00,40.827377,14.129608,2089.48,-790.21,41.94,3937.5,0.2845991849899292,154.8543090984734,17,14,0.351,1152.443057161611,1125.0,0.220088970271272,0.10022302465467316,16,POINT Z(14.129608266781633 40.827376752379784 -2089.4810821022147)
2024-05-20 19:28:43.578485+00:00,40.806187,14.093663,69.93,-3815.82,-2313.33,2187.5,0.162028506398201,90.26930714397315,17,8,0.6435,6538.945824825283,3437.5,,,13,POINT Z(14.093663257323303 40.806186866828504 -69.93309905156528)
2024-05-20 19:29:16.218485+00:00,40.819375,14.150553,1854.17,972.19,-847.79,4062.5,0.16842716932296753,70.14291299444545,17,6,0.1699,2481.179155159901,3000.0,,,16,POINT Z(14.150553151674233 40.81937509540585 -1854.1666666666667)
2024-05-20 19:30:11.328485+00:00,40.824585,14.135478,2319.48,-296.38,-268.54,3687.5,0.37137264013290405,240.24020158786004,17,15,0.2389,139.75424859373686,250.0,,,16,POINT Z(14.135477603769267 40.824584915290664 -2319.4820612021804)
2024-05-20 19:30:40.628485+00:00,40.841091,14.129446,2056.66,-803.7,1566.84,3937.5,0.20962049067020416,126.8574346462621,17,11,0.1351,225.34695471649934,1250.0,,,16,POINT Z(14.129446054298965 40.841090527598034 -2056.660043225732)
2024-05-20 19:31:03.308485+00:00,40.828616,14.131835,2291.07,-602.89,179.67,3687.5,1.3904452323913574,260.42747163040247,17,34,0.3005,125.0,375.0,1.948803844181665,0.032436295786001164,16,POINT Z(14.131834515097774 40.82861560377734 -2291.0705238835053)
2024-05-20 19:32:22.728485+00:00,40.822099,14.137143,1439.26,-156.25,-545.01,4562.5,0.9754846692085266,272.12660795604893,17,24,0.3265,279.5084971874737,250.0,0.6331578451829598,0.05878620200946561,16,POINT Z(14.137143110122274 40.82209856739059 -1439.2597659789808)
2024-05-20 19:33:09.468485+00:00,40.830733,14.131194,1941.87,-656.74,415.09,4062.5,0.6892299652099609,178.76034940492042,17,18,0.2357,0.0,375.0,0.4255767744191038,0.0753380557621468,16,POINT Z(14.131194169883871 40.83073276837515 -1941.8706037669995)
2024-05-20 19:34:09.738485+00:00,40.82343,14.145522,1573.06,548.79,-396.9,4437.5,0.34087735414505005,233.4662745612559,17,13,0.4512,176.7766952966369,250.0,-0.1871204132861085,0.0918301038528653,16,POINT Z(14.145522044931937 40.82343036971572 -1573.063436841233)
2024-05-20 19:34:25.418485+00:00,40.823159,14.145585,1777.31,554.12,-427.05,4187.5,0.29952049255371094,232.30569356925147,17,14,0.3298,125.0,125.0,,,16,POINT Z(14.145585297429188 40.82315922038867 -1777.3062658000863)
2024-05-20 19:34:39.328485+00:00,40.808348,14.145737,95.37,567.03,-2074.04,3937.5,0.1953222155570984,66.89439954363871,17,8,0.2082,88.38834764831844,125.0,,,15,POINT Z(14.145737199768648 40.80834753236081 -95.36912685503174)
2024-05-20 19:35:57.008485+00:00,40.819643,14.126261,2073.85,-1071.99,-817.96,3937.5,0.25989341735839844,249.38978941450085,17,16,0.7375,2466.1774571186074,2250.0,,,16,POINT Z(14.126260817400139 40.81964324955053 -2073.849261547746)
2024-05-20 19:36:02.438485+00:00,40.820695,14.127995,1897.96,-926.05,-701.0,4062.5,0.4517503082752228,247.19784601302783,17,18,0.2634,125.0,500.0,,,16,POINT Z(14.127995001359011 40.82069525368194 -1897.9625180069704)
2024-05-20 19:36:25.108485+00:00,40.822565,14.124759,2555.05,-1198.34,-493.1,3437.5,0.25707823038101196,232.17366929793803,17,15,0.4207,2589.7936693875827,2437.5,,,16,POINT Z(14.124758725702902 40.82256461176731 -2555.0533866617116)
2024-05-20 19:36:51.238485+00:00,40.81189,14.154749,1054.63,1325.4,-1679.98,4312.5,0.1329272836446762,110.95113482079199,17,6,0.1857,3025.9296092275513,3250.0,,,15,POINT Z(14.154748757780542 40.81189047527486 -1054.6272281412457)
2024-05-20 19:37:54.778485+00:00,40.838747,14.125004,2316.84,-1177.4,1306.25,3687.5,0.13347496092319489,96.55934137064378,17,6,0.565,4738.885021816841,3250.0,,,16,POINT Z(14.125004166801068 40.83874651119579 -2316.83579991682)
2024-05-20 19:40:06.118485+00:00,40.826503,14.141085,1157.61,175.45,-55.28,4812.5,0.41141486167907715,274.29994534611,17,18,0.3235,139.75424859373686,250.0,0.045280208164795194,0.04244611337366584,16,POINT Z(14.141085261942782 40.826502849060084 -1157.6093030497348)
2024-05-20 19:41:04.738485+00:00,40.832913,14.142736,1857.14,314.3,657.55,4187.5,0.351584792137146,111.69680530652886,17,12,0.4109,1510.3807466993214,3250.0,,,16,POINT Z(14.142735736116753 40.832913434014124 -1857.137334549921)
2024-05-20 19:41:33.108485+00:00,40.822899,14.139205,1528.72,17.24,-456.03,4437.5,0.8420621752738953,260.18473827262807,17,22,0.4039,176.7766952966369,125.0,0.37396862906525546,0.06024016500420177,16,POINT Z(14.139204900837322 40.82289880846122 -1528.7209366657776)
2024-05-20 19:41:57.918485+00:00,40.828816,14.139895,1952.75,75.27,201.95,4062.5,0.2441486120223999,247.2169432180583,17,11,0.3545,637.3774391990981,3250.0,,,15,POINT Z(14.139894655993377 40.82881620892593 -1952.7546130920668)
2024-05-20 19:42:58.838485+00:00,40.828635,14.145705,2054.48,564.15,181.81,3937.5,0.29020658135414124,229.1738779386829,17,15,0.3203,1286.9537676233751,3250.0,,,15,POINT Z(14.145705061181845 40.82863484110765 -2054.475476756556)
2024-05-20 19:43:36.908485+00:00,40.830799,14.145741,2273.62,567.12,422.44,3687.5,0.6577723026275635,265.3132720114361,17,27,0.6226,1068.0004681646915,1625.0,0.9965205077679761,0.0519078913502382,15,POINT Z(14.145740581908843 40.8307989314258 -2273.6150284495693)
2024-05-20 19:43:50.408485+00:00,40.82977,14.138343,2578.61,-55.26,308.05,3437.5,0.32566577196121216,261.940058426884,17,26,0.6049,395.28470752104744,3250.0,1.1800545295374323,0.07060748868600276,15,POINT Z(14.138343181974976 40.82977034404801 -2578.6064870973514)
2024-05-20 19:44:27.668485+00:00,40.834096,14.132132,548.54,-577.83,789.03,5187.5,0.241087406873703,184.62158647105588,17,22,0.7996,1286.9537676233751,3250.0,0.6866962713258448,0.053019066610457494,16,POINT Z(14.132131775400588 40.83409574679373 -548.5448639780598)
2024-05-20 19:44:54.998485+00:00,40.828911,14.140053,2582.07,88.59,212.46,3437.5,0.8203057050704956,297.5050312795108,17,31,0.4155,257.6941016011038,562.5,1.4511666400514376,0.037862373708289404,15,POINT Z(14.140052979838933 40.82891068176986 -2582.071252395088)
2024-05-20 19:45:29.268485+00:00,40.830839,14.135514,2675.01,-293.31,426.87,3312.5,0.9621096849441528,258.1110540360861,17,32,0.3856,1682.8640022295326,1812.5,1.6632369310973134,0.03535357425279149,16,POINT Z(14.135513858235448 40.83083885892784 -2675.0131778174427)
2024-05-20 19:46:14.088485+00:00,40.828075,14.135537,2940.6,-291.41,119.5,3062.5,1.1622763872146606,263.424530031236,17,33,0.2595,1062.5,1562.5,3.8782328491034557,0.029408639010471846,16,POINT Z(14.135536578566757 40.82807462154407 -2940.595759811977)
2024-05-20 19:46:28.188485+00:00,40.828521,14.135524,2316.45,-292.48,169.16,3687.5,0.13787400722503662,199.138393357854,17,9,0.0645,728.8689868556626,4250.0,,,16,POINT Z(14.135523764496744 40.82852126886527 -2316.4528596471564)
2024-05-20 19:46:56.348485+00:00,40.834375,14.132267,2294.54,-566.47,820.1,3687.5,0.20135760307312012,248.47489848324105,17,14,0.1371,1976.423537605237,4250.0,,,16,POINT Z(14.132266776739563 40.83437513141015 -2294.542146587529)
2024-05-20 19:47:58.848485+00:00,40.826415,14.141353,1199.82,197.98,-65.05,4812.5,0.4163132309913635,304.9018964523901,17,26,0.6183,395.28470752104744,3250.0,,,16,POINT Z(14.141352997062128 40.82641495369602 -1199.8236011374836)
2024-05-20 19:48:39.848485+00:00,40.824084,14.146924,1165.81,666.78,-324.23,4812.5,0.13351283967494965,224.1374051654628,17,9,0.1689,1510.3807466993214,4250.0,,,16,POINT Z(14.146924330280417 40.82408385978863 -1165.812006897756)
2024-05-20 19:48:49.298485+00:00,40.825337,14.139516,2186.32,43.4,-184.97,3812.5,0.581000030040741,280.23375128279,17,26,0.3002,728.8689868556626,3000.0,1.3273425794919542,0.13064876965543934,16,POINT Z(14.139515790533572 40.82533653740011 -2186.3220513754673)
2024-05-20 19:49:26.418485+00:00,40.827405,14.138367,797.61,-53.29,45.04,5187.5,0.20478764176368713,202.52309036826523,17,9,0.8306,176.7766952966369,4250.0,,,16,POINT Z(14.13836667936017 40.82740508771312 -797.6091212065214)
2024-05-20 19:50:05.248485+00:00,40.827506,14.145265,1799.07,527.09,56.31,4187.5,1.206832766532898,283.7571827543216,17,33,0.2568,0.0,312.5,1.5992055951249016,0.03917331013834237,15,POINT Z(14.145264545691655 40.827506272033595 -1799.0657777848046)
2024-05-20 19:50:41.228485+00:00,40.827992,14.149784,2080.62,907.39,110.39,3937.5,1.0393913984298706,301.9625557741657,17,34,0.4119,125.0,250.0,1.8055188053596174,0.04934586077066274,15,POINT Z(14.149784439618752 40.82799222845124 -2080.6153348499693)
2024-05-20 19:51:39.498485+00:00,40.82816,14.147206,1601.19,690.42,128.98,4437.5,0.4634547233581543,293.49367534191384,17,24,0.2279,1510.3807466993214,3000.0,0.9648876742138452,0.11608955903022954,15,POINT Z(14.147205746630462 40.82815965867728 -1601.1890303011437)
2024-05-20 19:52:16.148485+00:00,40.833821,14.1371,2378.29,-159.83,758.42,3687.5,0.27107375860214233,253.55066792540634,17,17,0.4928,395.28470752104744,3000.0,,,16,POINT Z(14.137100233965278 40.833820622302596 -2378.289707535452)
2024-05-20 19:52:37.998485+00:00,40.835299,14.151553,1438.48,1056.06,922.85,4562.5,0.23370274901390076,92.20382517304597,17,9,0.0721,2128.6732957408003,3000.0,0.5653454078813631,0.06866392108846409,15,POINT Z(14.151552851382114 40.83529875371348 -1438.4813130016792)
2024-05-20 19:53:13.158485+00:00,40.826516,14.128809,2377.83,-857.48,-53.82,3562.5,1.2841358184814453,263.6079126366881,17,33,0.2915,125.0,375.0,1.701230331930859,0.047726306925027405,16,POINT Z(14.128808909447553 40.82651550414676 -2377.8267931774917)
2024-05-20 19:54:19.958485+00:00,40.826635,14.138424,2077.33,-48.48,-40.58,3937.5,0.3299722671508789,259.971503904978,17,18,0.5601,1131.9231422671771,3000.0,0.5411767133113881,0.04414722453804136,16,POINT Z(14.138423771914123 40.82663503253872 -2077.3317872998223)
2024-05-20 19:55:02.518485+00:00,40.829584,14.138399,2910.47,-50.61,287.3,3062.5,0.8214523196220398,262.30951981701764,17,31,0.5027,139.75424859373686,437.5,1.2139266703143967,0.0549070712379322,15,POINT Z(14.138398524900863 40.829583704966815 -2910.4674300717543)
2024-05-20 19:55:28.968485+00:00,40.831682,14.141475,2187.87,208.23,520.62,3812.5,0.22285132110118866,226.81301152397447,17,18,0.1485,1397.5424859373686,1750.0,1.4349861152671815,0.05773876108673118,16,POINT Z(14.141474932152363 40.831682004763884 -2187.8690503560356)
2024-05-20 19:55:37.728485+00:00,40.825173,14.128048,2422.73,-921.54,-203.1,3562.5,1.161094307899475,266.2947119976992,17,34,0.2316,0.0,500.0,2.8316144328283785,0.03165417924724143,16,POINT Z(14.128047812175629 40.82517294332212 -2422.7305650656094)
2024-05-20 19:56:54.728485+00:00,40.828618,14.15009,1569.01,933.1,179.96,4437.5,0.8880388736724854,300.76738767445687,17,29,0.3495,0.0,250.0,1.3901287954023096,0.08278941827238488,15,POINT Z(14.1500901656846 40.828617859292265 -1569.0116155768706)
2024-05-20 19:58:04.698485+00:00,40.827283,14.14523,2224.5,524.21,31.46,3812.5,0.3710985481739044,264.5765944682937,17,23,0.6001,125.0,375.0,0.7208263884210193,0.08447644159992705,15,POINT Z(14.145230227459082 40.827282725217145 -2224.503502674587)
2024-05-20 19:58:30.758485+00:00,40.82978,14.14119,2578.91,184.28,309.11,3437.5,0.46345430612564087,181.6290100505597,17,18,0.2479,176.7766952966369,250.0,0.4933805474794876,0.06989962072342648,15,POINT Z(14.141190315532953 40.82977990755833 -2578.909090490525)
2024-05-20 19:58:53.188485+00:00,40.834262,14.129414,2460.26,-806.49,807.58,3562.5,0.1321878880262375,144.08091737234648,17,8,0.3947,2725.028669573955,2750.0,,,16,POINT Z(14.129413807680455 40.8342623644723 -2460.256938732806)
2024-05-20 19:59:55.328485+00:00,40.821608,14.144394,1307.18,453.85,-599.6,4687.5,0.31252235174179077,236.7160239038551,17,16,0.3648,187.5,625.0,0.15797415050586716,0.06795231635146277,16,POINT Z(14.144393615781036 40.82160754074963 -1307.1847195935472)
2024-05-20 20:00:17.498485+00:00,40.822201,14.138423,1449.14,-48.51,-533.61,4562.5,0.544194757938385,258.092772421328,17,20,0.168,1131.9231422671771,3000.0,0.2844963257738612,0.04786675136350751,16,POINT Z(14.13842348202964 40.82220110792007 -1449.1393871355353)
2024-05-20 20:01:09.108485+00:00,40.828417,14.122436,2704.5,-1393.62,157.74,3312.5,0.33840274810791016,146.1474812778259,17,8,0.0694,1912.1323175972943,3000.0,,,16,POINT Z(14.122436467252173 40.828417385942274 -2704.5021750576107)
2024-05-20 20:01:37.568485+00:00,40.824187,14.143987,1063.12,419.61,-312.83,4937.5,0.6539598107337952,294.07895564466645,17,20,0.1916,1286.9537676233751,3000.0,0.3492645930363366,0.0626474247626722,16,POINT Z(14.143986788906272 40.82418656656547 -1063.1188088550766)
2024-05-20 20:02:40.448485+00:00,40.830862,14.13536,1826.33,-306.22,429.41,4187.5,0.6407812237739563,257.96518559519006,17,23,0.507,951.9716382329885,3000.0,0.5277155555341829,0.05672825362515613,16,POINT Z(14.1353603729639 40.83086170731053 -1826.3307574184023)
2024-05-20 20:02:55.188485+00:00,40.82637,14.142905,1305.57,328.55,-70.01,4687.5,0.1776350736618042,141.6011866438197,17,10,0.0854,1629.8006013006623,3000.0,0.1915825371562747,0.04650551017423808,15,POINT Z(14.142904728995882 40.82637029595579 -1305.5697950671315)
2024-05-20 20:03:31.418485+00:00,40.825064,14.138092,2224.62,-76.37,-215.25,3812.5,0.2600175440311432,238.59653931546666,17,17,0.4577,951.9716382329885,3000.0,0.18640549238343412,0.09554893342463727,16,POINT Z(14.138092342172671 40.82506424229524 -2224.620627098653)
2024-05-20 20:03:55.518485+00:00,40.826124,14.130863,2557.39,-684.69,-97.41,3437.5,1.3274857997894287,265.1679096858365,17,34,0.322,125.0,375.0,1.932758368789016,0.03673986784220585,16,POINT Z(14.130862532267583 40.82612368427134 -2557.3934316120685)
2024-05-20 20:05:51.458485+00:00,40.829603,14.144292,2208.05,445.28,289.47,3812.5,0.9868472814559937,182.35410677490086,18,24,0.3214,576.2215285808055,812.5,0.7267438413896825,0.0614281965916429,17,POINT Z(14.144292397961847 40.82960315504607 -2208.0522275807725)
2024-05-20 20:06:27.278485+00:00,40.830952,14.146905,1875.56,665.09,439.52,4062.5,0.9298067688941956,202.5605184616782,18,32,0.3081,1716.1912772182477,937.5,1.2318107289703735,0.07951883669138464,16,POINT Z(14.14690507381299 40.83095238560306 -1875.5552075692913)
2024-05-20 20:07:09.268485+00:00,40.82307,14.135331,1441.75,-308.75,-436.95,4562.5,0.2737186849117279,258.09941917726775,18,17,0.3446,951.9716382329885,3000.0,0.6659936104568788,0.07509180456884171,17,POINT Z(14.135330717759807 40.8230703744502 -1441.7508144607968)
2024-05-20 20:07:26.758485+00:00,40.82644,14.132174,2399.27,-574.3,-62.2,3562.5,0.9613171219825745,265.03015487426626,18,32,0.3338,225.34695471649934,1187.5,1.1853297181866371,0.05381954968514174,17,POINT Z(14.132174469018326 40.82644040040072 -2399.272116569311)
2024-05-20 20:07:52.838485+00:00,40.823227,14.141419,1560.05,203.53,-419.5,4437.5,0.8131998181343079,296.9430177956197,18,28,0.3525,1105.7378758096334,1125.0,1.0340849765319708,0.06661144548326185,17,POINT Z(14.141418832654667 40.823227325504476 -1560.0492464513732)
2024-05-20 20:08:10.048485+00:00,40.826287,14.132242,1976.4,-568.65,-79.26,4062.5,0.3730480670928955,219.135673429593,18,18,0.3999,1131.9231422671771,3000.0,0.7702130243722667,0.0676517404505122,17,POINT Z(14.132241716530743 40.826286995388976 -1976.4032790455076)
2024-05-20 20:08:42.368485+00:00,40.826442,14.144245,1706.73,441.3,-61.98,4312.5,0.5662161111831665,274.74459654920975,18,16,0.6247,1397.5424859373686,2250.0,0.6255803252774529,0.13732440071356306,16,POINT Z(14.144244825415893 40.826442493285626 -1706.7280363271288)
2024-05-20 20:09:24.928485+00:00,40.820936,14.124841,2433.2,-1191.46,-674.22,3562.5,0.9309975504875183,241.08256565237636,18,24,0.1426,1240.5895775799504,1437.5,0.6644325317836333,0.032061683039202586,17,POINT Z(14.124840762703531 40.82093575269556 -2433.2008368654474)
2024-05-20 20:09:54.908485+00:00,40.827496,14.133974,1570.64,-422.91,55.2,4437.5,0.9736745953559875,210.71314330597116,18,27,0.4061,62.5,437.5,0.9282433142736126,0.056789486521799784,17,POINT Z(14.133973690866164 40.82749632462356 -1570.6368043657562)
2024-05-20 20:11:38.768485+00:00,40.82985,14.123362,2187.07,-1315.69,317.05,3812.5,0.37594977021217346,123.47626609709275,18,18,0.3457,0.0,0.0,0.31667103450368594,0.13817961019450534,17,POINT Z(14.123362370123456 40.82985027183524 -2187.0654225162684)
2024-05-20 20:12:42.438485+00:00,40.82299,14.136541,2093.56,-206.94,-445.88,3937.5,0.4866761863231659,265.1703167426448,18,25,0.5909,176.7766952966369,375.0,0.34855314457463527,0.07959592576108841,17,POINT Z(14.136540715429794 40.822990060165125 -2093.5608187144103)
2024-05-20 20:13:24.238485+00:00,40.823302,14.135502,2030.7,-294.33,-411.21,3937.5,0.7939513325691223,257.7279890183065,18,23,0.1943,125.0,375.0,0.5669424592046164,0.0927883719692159,17,POINT Z(14.135502099175136 40.82330181870027 -2030.7018966656453)
2024-05-20 20:13:43.398485+00:00,40.827697,14.144853,1695.15,492.46,77.52,4312.5,0.2193007916212082,210.2536799007444,18,19,0.8263,592.9270612815711,562.5,0.4419526563221462,0.18721704520324425,16,POINT Z(14.144852970328788 40.82769699676912 -1695.147355196843)
2024-05-20 20:14:53.448485+00:00,40.824454,14.146812,1417.33,657.29,-283.02,4562.5,0.2412167340517044,226.11956545191504,18,15,0.2153,62.5,125.0,,,17,POINT Z(14.146811562641009 40.82445445038954 -1417.3276915532906)
2024-05-20 20:15:28.078485+00:00,40.828707,14.14814,2187.59,768.99,189.84,3812.5,0.1743054836988449,251.00999825782134,18,12,0.242,4033.550700065638,2750.0,,,15,POINT Z(14.1481396377403 40.82870689687331 -2187.5946882125645)
2024-05-20 20:15:33.518485+00:00,40.834366,14.102563,105.11,-3065.45,819.68,2937.5,0.18232859671115875,78.64411691114339,18,5,0.1727,1062.5,2187.5,,,16,POINT Z(14.102563122811373 40.83436584933725 -105.11015161178676)
2024-05-20 20:16:15.848485+00:00,40.82875,14.143705,-20.83,395.83,194.55,5687.5,0.24648772180080414,203.2765684451043,18,19,0.762,176.7766952966369,0.0,,,17,POINT Z(14.143704598277978 40.82874956211822 20.83333333333333)
2024-05-20 20:16:29.908485+00:00,40.822779,14.124058,2314.36,-1257.27,-469.24,3687.5,0.491945743560791,230.23146845622267,18,24,0.5342,0.0,625.0,0.580740850500451,0.045777778920704525,17,POINT Z(14.124058306900833 40.82277902098401 -2314.3648324755195)
2024-05-20 20:17:12.658485+00:00,40.821866,14.14431,1321.95,446.78,-570.91,4687.5,0.3318682909011841,271.61722935277976,18,19,0.4821,125.0,250.0,-0.08605093795564256,0.07245315888425342,17,POINT Z(14.144309558243876 40.82186560321666 -1321.951001432236)
2024-05-20 20:18:26.998485+00:00,40.825094,14.146044,1445.76,592.66,-211.93,4562.5,0.9471914768218994,267.7202514555561,18,22,0.2685,176.7766952966369,0.0,0.7652856144731455,0.09241403837850475,17,POINT Z(14.146043599974659 40.82509384428575 -1445.764520678782)
2024-05-20 20:19:08.998485+00:00,40.838895,14.116232,1946.89,-1915.36,1322.94,4062.5,0.16786757111549377,113.2998791988986,18,8,0.0608,2015.5644370746375,3000.0,,,17,POINT Z(14.116231920018222 40.838895258557436 -1946.894067292369)
2024-05-20 20:19:25.058485+00:00,40.826526,14.113342,2804.85,-2158.84,-52.41,3187.5,0.871471107006073,207.86818838770128,18,24,0.2426,176.7766952966369,500.0,0.7212152295481796,0.05785551326938708,17,POINT Z(14.113342427741244 40.82652580540056 -2804.8459429720288)
2024-05-20 20:19:56.978485+00:00,40.830791,14.138588,1074.32,-34.65,421.5,4937.5,0.16269125044345856,137.22249041493032,18,9,0.2072,3262.595784034547,3125.0,,,17,POINT Z(14.138588131857937 40.83079060619666 -1074.3235465831954)
2024-05-20 20:20:03.588485+00:00,40.835531,14.11003,1814.12,-2437.25,949.06,3562.5,0.1981036514043808,99.90724966362734,18,8,0.4689,0.0,562.5,,,17,POINT Z(14.110029571342174 40.83553145082961 -1814.1239953646436)
2024-05-20 20:20:34.368485+00:00,40.825531,14.150244,1392.15,946.1,-163.3,4562.5,0.3568149209022522,222.8836848649555,18,17,0.1034,125.0,125.0,0.33740397923343685,0.068030050468384,17,POINT Z(14.150244119769972 40.82553083089391 -1392.1495512271495)
2024-05-20 20:20:43.078485+00:00,40.827855,14.143179,1902.97,351.57,95.09,4062.5,0.5761355757713318,235.47774446158093,18,23,0.2365,125.0,250.0,0.6101374109552005,0.09898248947551845,16,POINT Z(14.143178510412941 40.82785510350289 -1902.9732976304585)
2024-05-20 20:21:26.308485+00:00,40.822982,14.155831,830.27,1416.28,-446.68,4562.5,0.41988444328308105,155.3602497851965,18,15,0.5522,250.0,625.0,0.1797808458309977,0.16602600860673747,17,POINT Z(14.155831403214394 40.822981707196696 -830.2666883397766)
2024-05-20 20:21:29.988485+00:00,40.82778,14.129164,2220.07,-827.57,86.72,3812.5,0.44951364398002625,199.93924931975374,18,17,0.2672,176.7766952966369,250.0,,,17,POINT Z(14.129164202646159 40.82777951210006 -2220.071103134266)
2024-05-20 20:21:44.198485+00:00,40.826548,14.129028,2210.36,-839.05,-50.21,3812.5,0.2265332043170929,210.43515754190145,18,17,0.2839,279.5084971874737,250.0,0.1880749183978372,0.06341990256987981,17,POINT Z(14.129027962409396 40.826548013463785 -2210.3615408658934)
2024-05-20 20:22:02.758485+00:00,40.824038,14.132348,2459.8,-559.75,-329.31,3562.5,0.7286115884780884,238.61794202091806,18,24,0.3793,0.0,250.0,0.39269447770618515,0.06784494921445422,17,POINT Z(14.1323477215788 40.82403827758748 -2459.8008583445567)
2024-05-20 20:22:35.868485+00:00,40.834143,14.105647,555.24,-2806.01,794.75,3187.5,0.22598326206207275,165.99064026971155,18,10,0.423,125.0,125.0,,,17,POINT Z(14.10564699349074 40.8341425927613 -555.2396600216591)
2024-05-20 20:23:00.848485+00:00,40.821971,14.141554,1447.81,214.91,-559.24,4562.5,0.17805664241313934,235.0056700992662,18,9,0.5124,318.6887195995491,937.5,,,17,POINT Z(14.141554025161078 40.82197062225719 -1447.8055414736014)
2024-05-20 20:23:24.278485+00:00,40.821601,14.126492,1967.84,-1052.5,-600.28,4062.5,0.3752346634864807,211.86465398050993,18,13,0.3142,279.5084971874737,125.0,,,17,POINT Z(14.126492108652059 40.82160090994129 -1967.8406777930659)
2024-05-20 20:23:49.928485+00:00,40.823283,14.14411,1560.42,430.01,-413.32,4437.5,0.30585017800331116,242.5311170515298,18,11,0.1269,0.0,125.0,,,17,POINT Z(14.144110428630889 40.8232828333898 -1560.421070901581)
2024-05-20 20:24:12.818485+00:00,40.824145,14.144674,1686.85,477.42,-317.47,4312.5,0.5088403224945068,241.93279017584882,18,14,0.1278,250.0,0.0,-0.11745213033453422,0.05199950596254352,17,POINT Z(14.144673841053015 40.82414479641248 -1686.8543592655683)
2024-05-20 20:24:41.888485+00:00,40.823096,14.147089,832.99,680.68,-434.06,5187.5,0.1808391958475113,57.82974952319995,18,6,0.1807,197.64235376052372,375.0,,,17,POINT Z(14.147089383436656 40.823096142718164 -832.9944163188413)
2024-05-20 20:25:29.698485+00:00,40.823656,14.137942,1520.41,-89.01,-371.79,4437.5,1.0852108001708984,272.4048090802532,18,34,0.4462,125.0,250.0,1.2713326783780108,0.02762116951002743,17,POINT Z(14.137942119564835 40.823656447165554 -1520.4146867868722)
2024-05-20 20:26:35.308485+00:00,40.843639,14.096854,25.7,-3545.29,1851.0,2437.5,0.22245268523693085,75.58839520318594,18,14,0.8107,5772.374944509409,2687.5,,,15,POINT Z(14.09685368885462 40.84363880646052 -25.698250586729685)
2024-05-20 20:26:59.638485+00:00,40.84109,14.126203,2551.23,-1076.5,1566.85,3437.5,0.31372156739234924,129.6343304255551,18,13,0.1667,3593.0705879512025,2437.5,,,17,POINT Z(14.126203090791716 40.84109027862804 -2551.2279549899513)
2024-05-20 20:27:46.618485+00:00,40.835133,14.147368,1970.17,703.98,904.33,4062.5,0.28520604968070984,204.84624548189976,18,9,0.0848,1976.423537605237,2000.0,,,16,POINT Z(14.147367799595536 40.83513256250449 -1970.1739239667281)
2024-05-20 20:28:13.668485+00:00,40.851196,14.10985,1062.68,-2451.81,2690.9,3312.5,0.19889722764492035,102.19208547358551,18,12,0.8865,5153.882032022076,3250.0,,,15,POINT Z(14.10984968608221 40.85119616583958 -1062.6773818692318)
2024-05-20 20:28:39.318485+00:00,40.819675,14.144077,1193.46,427.23,-814.47,4812.5,0.47488343715667725,272.77369829158476,18,21,0.3021,1007.7822185373187,1250.0,0.13149190762671237,0.05513618802512735,15,POINT Z(14.144077106224502 40.81967521476702 -1193.460639276193)
2024-05-20 20:28:51.728485+00:00,40.822284,14.143441,1338.17,373.67,-524.34,4687.5,0.2318619191646576,243.66452848544378,18,14,0.2008,1131.9231422671771,2250.0,,,17,POINT Z(14.14344072794652 40.82228442153299 -1338.1678975535751)
2024-05-20 20:29:10.328485+00:00,40.827515,14.111981,2455.52,-2273.38,57.66,3562.5,0.6078675985336304,202.91739043389174,18,20,0.3303,3241.575619972485,1937.5,,,17,POINT Z(14.111980645981767 40.827515377030096 -2455.522250941015)
2024-05-20 20:29:39.758485+00:00,40.822213,14.143121,1332.72,346.79,-532.25,4687.5,0.7202110886573792,278.92226212717776,18,21,0.3679,62.5,312.5,0.38834376326723047,0.03346987861010069,17,POINT Z(14.14312124657655 40.82221325092802 -1332.7212643498424)
2024-05-20 20:30:16.538485+00:00,40.8082,14.083618,4314.84,-4661.17,-2089.0,1312.5,0.2926314175128937,212.89720402440645,18,19,0.803,225.34695471649934,250.0,1.4690640717146308,0.11218477253719493,13,POINT Z(14.083617690784301 40.80819990095768 -4314.840632676694)
2024-05-20 20:30:43.958485+00:00,40.82301,14.137928,1694.96,-90.23,-443.64,4312.5,0.3992965519428253,273.606692314467,18,22,0.1898,176.7766952966369,250.0,0.538588988414226,0.05153335256542953,17,POINT Z(14.137927730867007 40.82301022204469 -1694.9593164657301)
2024-05-20 20:31:04.758485+00:00,40.824453,14.138211,1731.12,-66.42,-283.18,4312.5,0.7968699932098389,271.16596482599016,18,34,0.547,125.0,250.0,1.3601191698615742,0.06140694605924375,16,POINT Z(14.138210609714532 40.82445330019185 -1731.1164819424025)
2024-05-20 20:32:17.368485+00:00,40.824855,14.130629,2477.71,-704.37,-238.44,3562.5,0.6123571991920471,227.22145868935823,18,24,0.181,0.0,375.0,0.49581916246215607,0.027394947442794828,17,POINT Z(14.130628893847907 40.82485539553406 -2477.714496481592)
2024-05-20 20:32:31.448485+00:00,40.820916,14.125254,1944.72,-1156.69,-676.44,4062.5,0.49010348320007324,241.70438177847183,18,21,0.3133,125.0,250.0,0.20463806087805692,0.0967518110876056,17,POINT Z(14.125254046577494 40.82091580710443 -1944.7185781135527)
2024-05-20 20:33:06.598485+00:00,40.82383,14.143656,1550.87,391.81,-352.42,4437.5,0.5918171405792236,247.32369895908542,18,19,0.563,176.7766952966369,125.0,0.008628765330776111,0.049617701621486036,17,POINT Z(14.143656462006657 40.82383048147492 -1550.8671374611872)
2024-05-20 20:33:51.738485+00:00,40.831096,14.114294,2525.88,-2078.64,455.7,3437.5,0.352901816368103,186.1695771260044,18,13,0.6757,176.7766952966369,250.0,,,17,POINT Z(14.114293832752649 40.83109561596022 -2525.8846082548152)
2024-05-20 20:35:05.808485+00:00,40.831242,14.141316,2186.89,194.85,471.69,3812.5,0.23671287298202515,166.05500674786032,18,19,0.3131,0.0,687.5,0.22387692236770063,0.060517916360214065,17,POINT Z(14.141315962648944 40.83124194429912 -2186.8947336875976)
2024-05-20 20:35:26.328485+00:00,40.822045,14.122312,2573.23,-1404.24,-550.89,3437.5,0.8635402321815491,232.8284326687235,18,24,0.3291,125.0,375.0,0.669775810446098,0.08189240698704829,17,POINT Z(14.122311896818715 40.8220445079666 -2573.229869111251)
2024-05-20 20:35:47.128485+00:00,40.82731,14.133602,1965.33,-454.21,34.5,4062.5,0.2285943180322647,162.20148859666423,18,11,0.1313,2875.679267581835,2250.0,0.1725493100408766,0.08952810134385125,17,POINT Z(14.133601712952133 40.82731016647718 -1965.3330148158718)
2024-05-20 20:35:58.318485+00:00,40.8211,14.118957,2573.88,-1686.53,-655.87,3437.5,0.19222433865070343,187.95258702133302,18,7,0.2126,728.8689868556626,3375.0,,,16,POINT Z(14.118957437717247 40.82109991729791 -2573.8803400901506)
2024-05-20 20:37:01.998485+00:00,40.820205,14.140166,1219.98,98.15,-755.62,4812.5,0.1833130568265915,275.6912890764229,18,15,0.3674,2466.1774571186074,3375.0,,,16,POINT Z(14.140166354703156 40.820204512705764 -1219.980376060426)
2024-05-20 20:37:13.538485+00:00,40.819878,14.12062,1690.94,-1546.69,-791.74,4312.5,0.6046953797340393,259.11145618337184,18,22,0.1762,125.0,375.0,0.2640229829841458,0.05224322950146954,16,POINT Z(14.120619577603485 40.81987829100779 -1690.9359427341187)
2024-05-20 20:37:34.328485+00:00,40.820271,14.12177,1689.28,-1449.91,-748.11,4312.5,0.37803420424461365,251.74253826967703,18,20,0.2826,0.0,250.0,0.3270568515396174,0.10335009413098313,17,POINT Z(14.121769531797533 40.820270772967945 -1689.2772903816376)
2024-05-20 20:38:21.228485+00:00,40.824398,14.142381,1055.85,284.45,-289.29,4937.5,0.6160289645195007,282.8466121352518,18,19,0.2598,0.0,0.0,0.005938569912722513,0.03850393407579625,17,POINT Z(14.142380559249343 40.824398328363635 -1055.8467603825293)
2024-05-20 20:39:24.218485+00:00,40.803782,14.135409,436.1,-302.27,-2581.74,3437.5,0.257587730884552,231.01579296654316,18,18,0.6721,3270.3688629877824,1750.0,0.21963469926939416,0.128310841758777,15,POINT Z(14.1354087806256 40.80378175869262 -436.10213383719827)
2024-05-20 20:39:52.688485+00:00,40.807404,14.119553,99.71,-1636.77,-2178.76,3812.5,0.32256096601486206,247.2175529630078,18,10,0.1073,139.75424859373686,125.0,0.38675910638384975,0.06991210064321281,16,POINT Z(14.119552710835716 40.807404287344625 -99.71301045994444)
2024-05-20 20:40:27.148485+00:00,40.836503,14.11735,816.67,-1821.37,1056.87,4187.5,0.2544846832752228,97.11758645289319,18,7,0.1689,0.0,0.0,,,17,POINT Z(14.117349967220022 40.83650265121663 -816.6719344434058)
2024-05-20 20:40:58.118485+00:00,40.83098,14.111507,2061.61,-2313.11,442.95,3687.5,0.3235369324684143,136.02420573276854,18,12,0.4162,125.0,500.0,,,17,POINT Z(14.111507028220347 40.83098028646137 -2061.6101870058255)
2024-05-20 20:41:23.758485+00:00,40.822682,14.13584,1390.75,-265.88,-480.08,4562.5,0.6556982398033142,262.74980990756114,18,20,0.1678,125.0,375.0,0.286856510423398,0.0211972007719191,17,POINT Z(14.135840253912178 40.82268249539859 -1390.7451097676037)
2024-05-20 20:42:12.178485+00:00,40.824058,14.138292,1793.71,-59.55,-327.14,4187.5,0.16150759160518646,162.28506334231787,18,6,0.2055,2404.4230077089182,2250.0,,,17,POINT Z(14.138292334332478 40.824057975292185 -1793.7056808051384)
2024-05-20 20:42:33.378485+00:00,40.831963,14.117865,1951.18,-1778.14,552.02,4062.5,0.5269705057144165,176.68647146167933,18,23,0.5857,139.75424859373686,687.5,0.29348997095958884,0.06373328207331998,17,POINT Z(14.117865263055613 40.83196251070622 -1951.182257557213)
2024-05-20 20:42:40.318485+00:00,40.822265,14.132205,1551.7,-571.8,-526.46,4437.5,0.3420235812664032,231.52459761417245,18,17,0.3851,125.0,500.0,,,17,POINT Z(14.132204601326805 40.8222652357735 -1551.6961648619877)
2024-05-20 20:43:54.888485+00:00,40.823142,14.136592,1339.2,-202.61,-428.99,4687.5,0.9073338508605957,264.7677069120028,18,22,0.1834,0.0,250.0,0.45573427926947185,0.04062446914229425,17,POINT Z(14.136592074117257 40.823141934467984 -1339.2047902007507)
2024-05-20 20:44:19.988485+00:00,40.82412,14.139841,2037.31,70.73,-320.25,3937.5,0.7175707221031189,285.05119689430853,18,24,0.2681,125.0,125.0,0.4901760268946699,0.06349653413285904,17,POINT Z(14.139840598888483 40.82411989115717 -2037.3085984588192)
2024-05-20 20:44:34.098485+00:00,40.822331,14.145512,1435.24,547.95,-519.1,4562.5,0.17328234016895294,190.40824027670854,18,11,0.1932,2637.618480751149,2250.0,-0.15208721460447366,0.061007049242046515,17,POINT Z(14.145511963167253 40.82233143994395 -1435.2368235230558)
2024-05-20 20:45:06.158485+00:00,40.803846,14.148711,947.12,817.4,-2574.57,3437.5,0.23983392119407654,169.8304091902615,18,12,0.709,139.75424859373686,500.0,,,16,POINT Z(14.148711429439658 40.80384590272469 -947.1175535420928)
2024-05-20 20:45:14.338485+00:00,40.818593,14.123238,1942.53,-1326.36,-934.74,4062.5,0.4110460877418518,271.31868319458965,18,17,0.823,1459.077191241094,1250.0,0.4416456625313594,0.06342114834068592,17,POINT Z(14.123238263157173 40.81859260525714 -1942.5333318805979)
2024-05-20 20:46:36.078485+00:00,40.824914,14.132181,1782.99,-573.74,-231.97,4187.5,0.2206880897283554,197.31075670443832,18,11,0.2404,637.3774391990981,3250.0,,,17,POINT Z(14.132181305596141 40.82491366590846 -1782.9891658472957)
2024-05-20 20:47:01.628485+00:00,40.823228,14.117535,2676.13,-1806.17,-419.16,3312.5,1.0751796960830688,270.5803768685122,18,27,0.3043,250.0,250.0,1.094044801250127,0.031023701221829014,17,POINT Z(14.117534883342065 40.823228436516374 -2676.125234943861)
2024-05-20 20:47:42.268485+00:00,40.825461,14.117859,2823.06,-1778.84,-170.95,3187.5,0.8032172322273254,212.50052661861704,18,24,0.232,176.7766952966369,375.0,0.6568353114215775,0.04888683534235064,17,POINT Z(14.117858957997063 40.82546070710361 -2823.059493512818)
2024-05-20 20:48:14.258485+00:00,40.826207,14.114876,2319.75,-2029.83,-87.87,3687.5,0.5578805208206177,208.98244089691968,18,19,0.1422,125.0,250.0,0.36374607293390115,0.05281637556164906,17,POINT Z(14.114875807947458 40.82620729126836 -2319.750511147674)
2024-05-20 20:48:39.188485+00:00,40.833194,14.110398,3084.05,-2406.3,689.11,2937.5,0.27419543266296387,171.8170636267696,18,14,0.2524,2653.1231595988907,2812.5,0.47641459578331213,0.056634686531661746,17,POINT Z(14.1103984755029 40.833193741534416 -3084.049935348887)
2024-05-20 20:49:52.368485+00:00,40.825771,14.122197,1740.91,-1413.79,-136.47,4312.5,0.4660235047340393,211.04852519252273,18,17,0.1785,225.34695471649934,500.0,0.07687028922923012,0.05106223366405583,17,POINT Z(14.122197395525243 40.825771484242004 -1740.9108586591133)
2024-05-20 20:50:26.568485+00:00,40.824469,14.139751,1446.52,63.17,-281.49,4562.5,0.5010841488838196,283.86943085887157,18,19,0.4674,0.0,250.0,0.46622425308136367,0.031860145651358925,17,POINT Z(14.13975075888728 40.82446851144957 -1446.5199824590595)
2024-05-20 20:51:04.748485+00:00,40.823217,14.139834,1811.64,70.16,-420.69,4187.5,0.27372241020202637,249.7708189643283,18,12,0.1872,1463.087488839953,1500.0,,,17,POINT Z(14.139833754773354 40.82321664952816 -1811.6421224979524)
2024-05-20 20:51:58.368485+00:00,40.824238,14.145958,595.22,585.51,-307.09,5437.5,0.25695088505744934,194.99727082855281,18,13,0.1627,1552.4677935467776,2187.5,-0.7224357932049801,0.07317201348599978,17,POINT Z(14.145958454728548 40.82423803768422 -595.224608442609)
2024-05-20 20:52:12.578485+00:00,40.827319,14.146848,1822.34,660.34,35.53,4187.5,0.49919745326042175,274.59936826580275,18,18,0.1562,125.0,125.0,0.24428207480978348,0.03457917678066784,17,POINT Z(14.146848149794861 40.827319224229804 -1822.3367436773597)
2024-05-20 20:53:33.308485+00:00,40.823983,14.146988,687.38,672.11,-335.49,5312.5,0.4179760217666626,223.36005209306143,18,14,0.2945,176.7766952966369,0.0,-0.4725343970343791,0.04052031952320373,17,POINT Z(14.146987705622253 40.823982562118985 -687.3762761787036)
2024-05-20 20:54:11.468485+00:00,40.821919,14.138317,1432.88,-57.43,-565.02,4562.5,0.360785573720932,258.84260934001907,18,18,0.5388,279.5084971874737,375.0,,,17,POINT Z(14.138317464793511 40.82191862687239 -1432.8844558843434)
2024-05-20 20:55:03.618485+00:00,40.834494,14.138322,1809.0,-57.02,833.29,4187.5,0.33058321475982666,146.35151670676606,18,15,0.4581,176.7766952966369,500.0,0.18554392190721253,0.0759210965525322,17,POINT Z(14.138322238149025 40.83449396002787 -1809.0003519149445)
2024-05-20 20:55:29.428485+00:00,40.820902,14.129476,2083.04,-801.44,-678.06,3937.5,0.5296870470046997,249.25173560744767,18,20,0.4678,125.0,250.0,0.1259705426613208,0.08717851773577458,17,POINT Z(14.129475780598177 40.82090165250762 -2083.04084091241)
2024-05-20 20:58:39.608485+00:00,40.819161,14.133425,1408.18,-469.18,-871.61,4562.5,0.40031513571739197,267.80293661330745,18,19,0.2325,176.7766952966369,250.0,-0.1420531026255514,0.06711564985335795,17,POINT Z(14.13342451107575 40.819161281567126 -1408.1824952571083)
2024-05-20 20:59:14.988485+00:00,40.809577,14.148935,1697.07,836.15,-1937.28,4062.5,0.26127347350120544,199.61804390841758,18,12,0.3311,176.7766952966369,500.0,,,16,POINT Z(14.148934966160247 40.80957718291815 -1697.0723108926923)
2024-05-20 20:59:50.728485+00:00,40.826257,14.136812,1966.67,-184.13,-82.66,4062.5,0.27383434772491455,213.90970911409931,18,17,0.1638,125.0,125.0,0.08536909581607643,0.05636663370243484,17,POINT Z(14.136811599986837 40.826256587328466 -1966.6738476942003)
2024-05-20 20:59:58.988485+00:00,40.821146,14.138554,2182.36,-37.55,-650.94,3812.5,0.1927858144044876,231.2274166617859,18,12,0.1962,475.98581911649427,312.5,0.1137741606732402,0.05366348419712735,17,POINT Z(14.138553708499332 40.82114595904292 -2182.359174045665)
2024-05-20 21:00:55.128485+00:00,40.824136,14.125025,2923.23,-1175.93,-318.39,3062.5,1.382412075996399,268.0190162595719,18,35,0.2168,125.0,375.0,3.0797370327728832,0.034774924594725046,16,POINT Z(14.125024741752666 40.8241357823975 -2923.2291841837796)
2024-05-20 21:01:09.628485+00:00,40.822881,14.123024,2399.89,-1344.31,-457.88,3562.5,0.3864331841468811,228.76451205476343,18,24,0.1778,125.0,250.0,,,17,POINT Z(14.123023839251248 40.82288108309863 -2399.8855144332883)
2024-05-20 21:02:45.388485+00:00,40.825309,14.141207,827.75,185.68,-188.06,5187.5,0.16895419359207153,168.3214394864814,18,7,0.3231,125.0,125.0,,,17,POINT Z(14.141206726534795 40.82530868311891 -827.7518114015306)
2024-05-20 21:03:08.378485+00:00,40.826283,14.154684,567.41,1319.67,-79.66,4687.5,0.11749711632728577,53.301039456856245,18,9,0.5142,5271.533220989886,562.5,,,17,POINT Z(14.154684071893968 40.826282569298264 -567.4099760373429)
2024-05-20 21:03:26.368485+00:00,40.82166,14.133288,1690.11,-480.66,-593.76,4312.5,0.88443922996521,256.57957117505737,18,25,0.2966,125.0,250.0,0.6657932859807794,0.0477869140139893,17,POINT Z(14.133287800901298 40.8216600118453 -1690.1140462114968)
2024-05-20 21:03:45.468485+00:00,40.82068,14.139504,1335.43,42.39,-702.7,4687.5,0.26658907532691956,270.78982002621166,18,17,0.1716,125.0,250.0,0.2824226614614024,0.05085410852090257,17,POINT Z(14.139503802548182 40.8206804646571 -1335.425988806338)
2024-05-20 21:04:04.278485+00:00,40.824833,14.130817,2459.09,-688.53,-240.98,3562.5,0.46934017539024353,227.88256420939643,18,24,0.3177,0.0,250.0,0.5267293761041253,0.05522712105283724,17,POINT Z(14.130817060775689 40.82483254021804 -2459.087346051623)
2024-05-20 21:04:28.608485+00:00,40.822766,14.146045,693.86,592.77,-470.75,5312.5,0.11238265782594681,260.26341365461474,18,7,0.2517,4956.845014724588,562.5,,,17,POINT Z(14.146044558433934 40.8227661915461 -693.8571793685555)
2024-05-20 21:04:59.928485+00:00,40.838125,14.092494,41.14,-3912.34,1238.13,2062.5,0.11637512594461441,78.50251265099467,18,5,0.6391,353.5533905932738,187.5,,,15,POINT Z(14.092494100938534 40.83812546275541 -41.14240743057196)
2024-05-20 21:05:19.578485+00:00,40.826608,14.141017,1820.31,169.75,-43.54,4187.5,0.4282855689525604,273.76781382483296,18,12,0.1296,1973.456675480868,2000.0,,,17,POINT Z(14.141017423263042 40.82660837454133 -1820.314752051981)
2024-05-20 21:05:53.248485+00:00,40.841144,14.119419,788.75,-1647.19,1572.96,4312.5,0.11707419157028198,96.14504547837447,18,4,0.0101,2877.7161083053347,3250.0,,,17,POINT Z(14.119419032814116 40.841144334814686 -788.746881419232)
2024-05-20 21:06:52.368485+00:00,40.823032,14.135471,1431.63,-296.98,-441.25,4562.5,0.8475118279457092,259.03862657680804,18,23,0.2255,125.0,375.0,0.2641287069821105,0.03725211075894319,17,POINT Z(14.135470596803323 40.82303168762013 -1431.6260915734501)
2024-05-20 21:07:37.488485+00:00,40.819913,14.139749,2046.8,63.02,-788.03,3937.5,0.2851954400539398,122.99528752914836,18,10,0.2234,2564.785566085399,3250.0,,,16,POINT Z(14.13974888696078 40.81991310273336 -2046.8043695680908)
2024-05-20 21:07:56.418485+00:00,40.824681,14.138468,711.92,-44.8,-257.91,5312.5,0.16770018637180328,170.55974138942736,18,5,0.3234,2128.6732957408003,3250.0,,,17,POINT Z(14.138467594473472 40.82468059834128 -711.9216221142335)
2024-05-20 21:08:30.378485+00:00,40.825479,14.132486,1569.14,-548.13,-169.12,4437.5,0.43760475516319275,227.49806814890766,18,19,0.4477,1069.8276730389807,2000.0,0.07939198770418113,0.08896338717362016,17,POINT Z(14.132485688124895 40.82547891118353 -1569.1356058314204)
2024-05-20 21:09:07.238485+00:00,40.820039,14.122055,1813.83,-1425.87,-773.84,4187.5,0.8964970111846924,242.78603000262632,18,24,0.2022,250.0,375.0,0.6752883753855438,0.04578071735892544,17,POINT Z(14.122055291739297 40.82003944740048 -1813.8325240222625)
2024-05-20 21:09:38.418485+00:00,40.821129,14.123164,1450.51,-1332.53,-652.73,4562.5,0.7618340253829956,238.31825530431016,18,24,0.2522,62.5,375.0,0.5925275012195226,0.05352118080135086,17,POINT Z(14.123164266397636 40.82112875865682 -1450.5050865458643)
2024-05-20 21:10:34.668485+00:00,40.817403,14.122022,1629.32,-1428.72,-1066.98,4312.5,0.8425121307373047,269.13098028034483,18,23,0.1967,250.0,500.0,0.5448870147978975,0.04817948169599992,16,POINT Z(14.122022147469824 40.81740314957355 -1629.317725576484)
2024-05-20 21:11:02.848485+00:00,40.822135,14.139677,1683.84,56.96,-540.99,4312.5,0.34486186504364014,266.3591762786712,18,19,0.5591,395.28470752104744,3000.0,0.38417114509182304,0.06082959621432259,17,POINT Z(14.13967697299165 40.822134760125515 -1683.8350781984736)
2024-05-20 21:11:36.118485+00:00,40.818787,14.127768,1563.76,-945.22,-913.16,4437.5,0.2276097536087036,213.35334436169933,18,9,0.7382,2766.992952647332,3250.0,,,17,POINT Z(14.127767507708326 40.81878725457954 -1563.7622051522878)
2024-05-20 21:12:38.108485+00:00,40.820726,14.129387,1816.32,-808.87,-697.61,4187.5,0.8854154944419861,249.94295365421738,18,22,0.1359,176.7766952966369,375.0,0.4225900061785365,0.06893646136897372,17,POINT Z(14.129387472276003 40.82072584077438 -1816.3206934341792)
2024-05-20 21:13:20.998485+00:00,40.825415,14.145618,1451.28,556.85,-176.17,4562.5,0.3428126871585846,287.2401798441502,18,17,0.8348,1185.8541225631423,3000.0,,,16,POINT Z(14.145618007747773 40.82541545295187 -1451.2784706274506)
2024-05-20 21:13:45.528485+00:00,40.822991,14.146881,451.66,663.13,-445.78,5312.5,0.39598047733306885,257.46019207679944,18,16,0.2093,2066.2844068520676,2312.5,,,17,POINT Z(14.14688078881499 40.82299078029768 -451.6602003331215)
2024-05-20 21:14:14.828485+00:00,40.824336,14.148595,1333.95,807.37,-296.17,4687.5,0.32329174876213074,209.0731828646989,18,14,0.1303,1976.423537605237,3000.0,0.02438530191837973,0.03708269678237108,17,POINT Z(14.148595162555665 40.82433606948631 -1333.9465779216675)
2024-05-20 21:14:32.868485+00:00,40.823874,14.131415,2209.07,-638.23,-347.62,3812.5,0.5631222128868103,236.7100063033214,18,21,0.2802,225.34695471649934,375.0,0.04317890682110981,0.0632038930925058,17,POINT Z(14.131415044643186 40.82387356701491 -2209.070724368074)
2024-05-20 21:15:59.678485+00:00,40.828569,14.145088,958.1,512.27,174.54,5062.5,0.26672953367233276,220.85414450197223,18,9,0.1348,125.0,0.0,,,16,POINT Z(14.145088471931436 40.82856948797339 -958.1008818294068)
2024-05-20 21:16:23.178485+00:00,40.818859,14.129222,1956.05,-822.82,-905.17,4062.5,0.8874067664146423,258.23721084987415,18,25,0.2532,250.0,500.0,0.48273996698584926,0.04885374373481524,17,POINT Z(14.129221990515235 40.818859176617615 -1956.0457668642248)
2024-05-20 21:16:42.218485+00:00,40.823196,14.122039,2782.43,-1427.21,-422.82,3187.5,0.1807548701763153,237.53284486031978,18,11,0.2768,3345.9397035810434,2437.5,0.4574654144129935,0.06045201537633217,17,POINT Z(14.122038578252447 40.82319627567812 -2782.4323038237544)
2024-05-20 21:16:53.998485+00:00,40.820441,14.12092,2707.08,-1521.42,-729.17,3312.5,0.8520699739456177,240.08772974770994,18,24,0.1574,250.0,375.0,1.0044685402019469,0.05676830355231684,16,POINT Z(14.120919718464016 40.82044103529657 -2707.084797839324)
2024-05-20 21:17:46.778485+00:00,40.821041,14.143896,2312.48,411.96,-662.55,3687.5,0.2156209796667099,220.92588918414228,18,12,0.2698,279.5084971874737,125.0,,,16,POINT Z(14.143895717618701 40.82104141958628 -2312.4814289724964)
2024-05-20 21:18:02.608485+00:00,40.821766,14.136726,1453.1,-191.35,-582.04,4562.5,0.8558167219161987,271.14049921351466,18,23,0.2661,125.0,250.0,0.5838218347936461,0.02400684179648341,17,POINT Z(14.136726021569185 40.82176556029359 -1453.1034860384877)
2024-05-20 21:18:23.788485+00:00,40.823875,14.140041,1711.45,87.61,-347.48,4312.5,0.3516351282596588,263.29499261773105,18,18,0.167,176.7766952966369,250.0,0.05043245954011211,0.05810127205080486,17,POINT Z(14.140041226479061 40.82387502445224 -1711.4502059406977)
2024-05-20 21:18:58.538485+00:00,40.835259,14.141343,933.25,197.08,918.34,5062.5,0.16009560227394104,95.98456853129233,18,9,0.3227,1917.2327062722459,2250.0,,,17,POINT Z(14.14134256138489 40.8352588264132 -933.2518641782756)
2024-05-20 21:19:13.368485+00:00,40.826526,14.133573,2048.86,-456.61,-52.7,3937.5,0.7683238387107849,221.07160079008227,18,21,0.1383,125.0,250.0,0.3391394060678202,0.054853417425622525,17,POINT Z(14.13357327524317 40.82652591695514 -2048.8554278104652)
2024-05-20 21:19:28.818485+00:00,40.822093,14.135387,1551.38,-304.01,-545.58,4437.5,0.24583816528320312,240.83118471192273,18,15,0.1756,125.0,125.0,-0.018493583507489864,0.06387941579116144,17,POINT Z(14.135387111183993 40.822093445706436 -1551.3796544525671)
2024-05-20 21:19:43.558485+00:00,40.848899,14.135036,1003.33,-333.39,2435.07,3562.5,0.20176678895950317,93.79421171703854,18,9,0.1751,187.5,812.5,,,16,POINT Z(14.135036384038841 40.84889900376647 -1003.3340784006092)
2024-05-20 21:20:49.938485+00:00,40.82169,14.12052,2680.99,-1555.02,-590.24,3312.5,0.44589588046073914,233.63077371163797,18,22,0.0995,125.0,250.0,0.45112781843541716,0.06202166262398562,16,POINT Z(14.120520087198335 40.821690327190744 -2680.9903691878862)
2024-05-20 21:21:03.198485+00:00,40.822058,14.12184,2812.82,-1443.91,-549.33,3187.5,0.7992647290229797,232.4349839179526,18,26,0.2034,125.0,375.0,0.8817052117690418,0.02684772745609414,16,POINT Z(14.121840434414738 40.82205844500966 -2812.821215924781)
2024-05-20 21:21:46.488485+00:00,40.8233,14.145648,1455.74,559.41,-411.39,4562.5,0.2765367329120636,232.20999143277263,18,13,0.132,3152.9995639073595,1625.0,,,17,POINT Z(14.145648237637037 40.82330011278749 -1455.7366847373028)
2024-05-20 21:21:54.648485+00:00,40.818767,14.120345,1537.48,-1569.83,-915.31,4437.5,0.3145705461502075,272.06279002873094,18,14,0.4142,125.0,250.0,0.25392004724775363,0.16216790857476127,17,POINT Z(14.120344879356592 40.81876694767955 -1537.4833004455568)
2024-05-20 21:22:17.558485+00:00,40.829362,14.136654,1974.64,-197.42,262.69,4062.5,0.5339317917823792,261.63984674924603,18,24,0.5756,176.7766952966369,250.0,1.1870988482235676,0.05058724393565376,17,POINT Z(14.136653580827824 40.829362367217115 -1974.6433331984208)
2024-05-20 21:22:39.698485+00:00,40.822715,14.120313,2585.34,-1572.43,-476.28,3437.5,0.733556866645813,228.14643473112656,18,23,0.2643,125.0,250.0,0.8646842208565749,0.07946886002750675,17,POINT Z(14.120312948014103 40.82271522543422 -2585.338343531877)
2024-05-20 21:23:50.358485+00:00,40.822575,14.134348,1270.83,-391.4,-492.04,4812.5,0.9922065734863281,256.0850461029685,18,26,0.3325,279.5084971874737,375.0,0.6306600078770981,0.06187378464393066,17,POINT Z(14.134348497944602 40.82257490048262 -1270.8333333333333)
2024-05-20 21:24:36.988485+00:00,40.834201,14.10258,833.05,-3064.02,801.3,2937.5,0.08318691700696945,177.9054971858675,18,4,0.483,3625.0,3000.0,,,16,POINT Z(14.10258019496263 40.83420052824517 -833.05477060456)
2024-05-20 21:25:10.328485+00:00,40.837626,14.110157,815.38,-2426.46,1181.99,3562.5,0.3062589168548584,114.54880377495743,18,15,0.6003,475.98581911649427,437.5,,,17,POINT Z(14.110156919532482 40.83762630745849 -815.3822954463017)
2024-05-20 21:25:29.378485+00:00,40.826512,14.144218,917.4,439.06,-54.21,5062.5,0.5306902527809143,259.6622764796682,18,18,0.521,1237.4368670764582,3000.0,0.2689555634757741,0.019100447948174365,16,POINT Z(14.1442181968772 40.82651236162936 -917.3978690138986)
2024-05-20 21:26:08.258485+00:00,40.847601,14.095269,2192.3,-3678.39,2291.65,2312.5,0.21452583372592926,5.905637608987206,18,7,0.0795,8101.890211549401,3250.0,,,15,POINT Z(14.095268773020495 40.84760105838489 -2192.301550182314)
2024-05-20 21:27:16.088485+00:00,40.821168,14.121494,2683.35,-1473.09,-648.33,3312.5,0.8526065349578857,236.83456382818844,18,22,0.1047,2040.6034646643134,1062.5,0.4356629692387197,0.08243952643938436,17,POINT Z(14.121493888577994 40.82116806705332 -2683.3450079470513)
2024-05-20 21:29:29.978485+00:00,40.842327,14.098197,571.44,-3432.4,1705.12,2562.5,0.11618242412805557,34.928589897408585,18,5,0.2861,6425.048637948198,3250.0,,,15,POINT Z(14.098196505675437 40.84232733247174 -571.43663785632)
2024-05-20 21:30:11.908485+00:00,40.82462,14.135681,2296.13,-279.27,-264.64,3687.5,1.0584944486618042,269.86609692428317,18,26,0.3533,125.0,375.0,0.5536170011905959,0.045471864349830395,17,POINT Z(14.135680950480824 40.824620007167056 -2296.127637164753)
2024-05-20 21:30:25.778485+00:00,40.821953,14.144111,1459.56,430.08,-561.16,4562.5,0.17594583332538605,268.7631455760988,18,16,0.5847,3975.0196540394613,2187.5,-0.05567732800026014,0.0666503637247316,17,POINT Z(14.144111126086086 40.82195326649095 -1459.555114188078)
2024-05-20 21:31:19.398485+00:00,40.822975,14.147028,1577.79,675.51,-447.52,4437.5,0.20747166872024536,259.24052005505337,18,10,0.9135,4155.662552469823,2000.0,,,17,POINT Z(14.147027885311399 40.82297506296781 -1577.7896777722385)
2024-05-20 21:31:41.408485+00:00,40.822224,14.135235,2080.42,-316.85,-531.03,3937.5,0.3191022276878357,238.99194529048344,18,15,0.5348,2237.8142237460197,1562.5,,,17,POINT Z(14.135234530085693 40.8222243138398 -2080.4211807657566)
2024-05-20 21:32:07.058485+00:00,40.823955,14.141419,1318.24,203.52,-338.57,4687.5,0.5273000597953796,274.8313442754711,18,15,0.1234,176.7766952966369,125.0,-0.09952247334948391,0.07339237659996907,17,POINT Z(14.141418710911854 40.82395514828033 -1318.2380848312907)
2024-05-20 21:32:48.688485+00:00,40.789826,14.123316,-20.83,-1320.39,-4133.49,1812.5,0.21525979042053223,11.47064890663006,18,9,0.8348,5287.07149563915,3437.5,0.5341377863590515,0.1123382796508419,16,POINT Z(14.123315942623263 40.78982555010416 20.83333333333333)
2024-05-20 21:33:03.758485+00:00,40.833882,14.140646,116.71,138.48,765.27,5312.5,0.11292021721601486,0.0,18,2,0.0043,3358.757210636101,3437.5,,,17,POINT Z(14.140645983606934 40.83388224429729 -116.70860510678597)
2024-05-20 21:34:25.448485+00:00,40.837679,14.121871,2574.17,-1440.98,1187.54,3437.5,0.37584537267684937,147.15289208208452,18,14,0.2371,125.0,500.0,,,17,POINT Z(14.121871240944698 40.83767853685827 -2574.1729419004414)
2024-05-20 21:36:18.588485+00:00,40.82291,14.130698,1971.4,-698.56,-454.73,4062.5,0.5690814852714539,241.00808940349873,18,18,0.157,225.34695471649934,250.0,0.019329123715906726,0.038280990015837096,17,POINT Z(14.130698158132775 40.82291023320497 -1971.400237742445)
2024-05-20 21:37:07.138485+00:00,40.839722,14.123158,1467.27,-1332.71,1414.71,4562.5,0.16038620471954346,156.31621007159836,18,7,0.4562,4577.885019307497,2250.0,,,17,POINT Z(14.123157774223383 40.83972174998814 -1467.2659916570415)
2024-05-20 21:38:15.578485+00:00,40.842126,14.12484,1431.86,-1191.16,1682.05,4312.5,0.5578808188438416,126.21684030515627,18,19,0.477,250.0,875.0,0.5404340714683704,0.06036955765138532,17,POINT Z(14.124839869236105 40.842126140921636 -1431.855695508475)
2024-05-20 21:38:25.978485+00:00,40.821603,14.132099,1157.15,-580.66,-600.09,4812.5,0.1466679722070694,207.9497352969491,18,7,0.5988,2404.4230077089182,2250.0,,,17,POINT Z(14.132099431545218 40.821603097780134 -1157.145408175989)
2024-05-20 21:39:00.888485+00:00,40.837835,14.110766,893.95,-2375.17,1205.18,3562.5,0.15536080300807953,85.33606577299781,18,5,0.031,5366.635934177015,2250.0,,,17,POINT Z(14.110766479456222 40.83783499818574 -893.9500181223732)
2024-05-20 21:39:22.508485+00:00,40.827567,14.110044,2822.22,-2436.33,63.48,3187.5,0.40804779529571533,203.98828216222495,18,19,0.6449,4079.7709800918974,2312.5,0.3064791282002397,0.08918776320640703,17,POINT Z(14.110044031283726 40.82756725129199 -2822.218178197385)
2024-05-20 21:39:48.048485+00:00,40.82744,14.159192,1698.83,1698.95,49.17,4312.5,0.4665204882621765,227.13478193716753,18,15,0.4696,139.75424859373686,625.0,,,16,POINT Z(14.15919214909587 40.827440447305385 -1698.8250297794953)
2024-05-20 21:40:27.668485+00:00,40.830949,14.133807,2806.71,-436.93,439.08,3187.5,0.51457679271698,176.2070882401364,18,15,0.2502,279.5084971874737,125.0,,,17,POINT Z(14.133806841799027 40.83094858105233 -2806.713069606377)
2024-05-20 21:41:48.558485+00:00,40.839968,14.133708,2298.91,-445.16,1442.04,3687.5,0.15667620301246643,78.64099877446893,18,8,0.4016,139.75424859373686,812.5,,,17,POINT Z(14.133708274854161 40.839968460445725 -2298.9054446041923)
2024-05-20 21:42:16.218485+00:00,40.840022,14.123717,2178.58,-1285.67,1448.04,3812.5,0.1309206187725067,69.14445894960699,18,7,0.5491,800.3905296791061,1500.0,,,17,POINT Z(14.123716775774763 40.84002154520405 -2178.577094362692)
2024-05-20 21:42:48.158485+00:00,40.835494,14.141287,1308.25,192.4,944.46,4687.5,0.35395997762680054,132.7808529025815,18,18,0.6187,125.0,125.0,,,17,POINT Z(14.141287019429653 40.83549373228884 -1308.2502536549543)
2024-05-20 21:44:10.508485+00:00,40.848119,14.119179,881.6,-1667.23,2348.46,3687.5,0.15441066026687622,88.85000806017376,18,7,0.3831,139.75424859373686,2375.0,,,16,POINT Z(14.119178634729746 40.84811855014824 -881.5965487795902)
2024-05-20 21:44:45.908485+00:00,40.836587,14.141429,420.31,204.32,1066.03,4937.5,0.10394544899463654,55.22556011409108,18,3,0.0054,197.64235376052372,562.5,,,17,POINT Z(14.141428653859428 40.83658702892017 -420.3081366755745)
2024-05-20 21:45:39.848485+00:00,40.827896,14.134185,2064.25,-405.09,99.66,3937.5,0.6888706684112549,174.43429596867293,18,19,0.1799,1313.9872526017898,687.5,0.134333781383141,0.03710460691094793,17,POINT Z(14.134185441908794 40.827896143618155 -2064.2451231064188)
2024-05-20 21:46:19.318485+00:00,40.821938,14.133742,311.81,-442.43,-562.87,5437.5,0.1405130922794342,164.95310007215585,18,7,0.2886,1425.2192813739225,3375.0,,,17,POINT Z(14.133742089502526 40.821937897152345 -311.8108892944215)
2024-05-20 21:46:44.148485+00:00,40.833163,14.108316,444.85,-2581.5,685.73,3437.5,0.2650286853313446,234.76784581263527,18,14,0.878,4052.8732092183686,3437.5,,,17,POINT Z(14.108316065816565 40.83316283175978 -444.845584302754)
2024-05-20 21:47:20.898485+00:00,40.80517,14.150125,689.36,936.36,-2427.34,3562.5,0.14348886907100677,54.45305703404716,18,9,0.3063,4825.064766404696,3375.0,,,16,POINT Z(14.150124950488456 40.8051698379115 -689.3628810879088)
2024-05-20 21:48:01.558485+00:00,40.830913,14.140997,671.94,168.0,435.15,5312.5,0.38322511315345764,136.1965367192779,18,13,0.3152,2531.0570914145733,3000.0,-0.2184534808039792,0.06674035766832044,17,POINT Z(14.140996770990471 40.8309133695458 -671.9359544714874)
2024-05-20 21:48:28.858485+00:00,40.831714,14.136932,1089.45,-173.98,524.12,4937.5,0.8234656453132629,168.4336924632904,18,23,0.1694,250.0,125.0,0.5519297394921285,0.06704304596123614,17,POINT Z(14.1369320665827 40.831713525300835 -1089.4520892423407)
2024-05-20 21:49:28.788485+00:00,40.826412,14.119394,2409.34,-1649.67,-65.17,3562.5,0.5540100932121277,206.7924304986197,18,21,0.1651,910.0137361600648,2000.0,0.5884214648286452,0.08124536053133767,17,POINT Z(14.1193938765657 40.82641229519909 -2409.3368972089706)
2024-05-20 21:49:48.988485+00:00,40.824119,14.120395,2309.93,-1565.5,-320.22,3687.5,0.7280346155166626,267.872900957825,18,27,0.21,187.5,312.5,1.0476854819116521,0.05008517693054163,17,POINT Z(14.12039487004588 40.82411866144144 -2309.9345281695314)
2024-05-20 21:50:29.268485+00:00,40.823594,14.138855,1594.19,-12.23,-378.68,4437.5,0.8425896763801575,278.27231410729235,18,22,0.372,954.0210951546093,937.5,0.41174337597256033,0.05563477300357916,17,POINT Z(14.138854674455288 40.823594467154905 -1594.1948664822648)
2024-05-20 21:51:46.938485+00:00,40.819928,14.142955,-20.83,332.81,-786.31,5187.5,0.2899118661880493,204.87573930998443,18,12,0.1779,637.3774391990981,3437.5,,,15,POINT Z(14.142954967569247 40.81992845710774 20.83333333333333)
2024-05-20 21:53:10.408485+00:00,40.8317,14.144992,-20.83,504.11,522.67,5437.5,0.11576204746961594,151.14132474106776,18,8,0.5409,3087.2722588071174,3437.5,,,17,POINT Z(14.144991821182442 40.831700313374704 20.83333333333333)
2024-05-20 21:53:29.068485+00:00,40.82418,14.128232,2330.45,-906.09,-313.47,3687.5,1.0501878261566162,268.4609253319804,18,27,0.244,176.7766952966369,375.0,0.714006643082707,0.030257673202492702,17,POINT Z(14.128231607751594 40.82418041441391 -2330.451228732982)
2024-05-20 21:54:07.408485+00:00,40.822126,14.129516,1935.9,-798.03,-541.97,4062.5,0.4847886860370636,242.6977008447664,18,15,0.2632,1075.2906583803283,3000.0,-0.035877421644184726,0.06506027978268701,17,POINT Z(14.129516155855878 40.822125598602504 -1935.903912644665)
2024-05-20 21:54:59.708485+00:00,40.819061,14.128991,1917.01,-842.27,-882.78,4062.5,0.9054789543151855,256.8913386125731,18,25,0.6173,125.0,562.5,0.6609084414775683,0.038218754485567656,17,POINT Z(14.128990830605638 40.81906051606662 -1917.0092806589032)
2024-05-20 21:55:13.128485+00:00,40.823026,14.144574,1668.97,468.99,-441.92,4312.5,0.16620369255542755,238.79944649459463,18,11,0.1124,2069.118169655856,3000.0,,,17,POINT Z(14.144573615507628 40.82302562719981 -1668.9677034734066)
2024-05-20 21:56:52.848485+00:00,40.836819,14.115755,1875.24,-1955.53,1092.08,4062.5,0.2500806450843811,119.61081648564218,18,13,0.6058,3727.536887812111,3000.0,,,17,POINT Z(14.115755071436473 40.836818960471845 -1875.2433466472485)
2024-05-20 21:57:24.118485+00:00,40.837477,14.116085,1051.43,-1927.75,1165.22,4062.5,0.23771250247955322,117.63800949417055,18,9,0.3736,4178.161228339567,3000.0,,,17,POINT Z(14.11608506403609 40.83747677176184 -1051.4298809376464)
2024-05-20 21:57:42.988485+00:00,40.82299,14.144147,1557.89,433.09,-445.9,4437.5,0.2825436294078827,210.78643372101294,18,9,0.1011,1845.602882529175,3000.0,,,17,POINT Z(14.144146988187822 40.82298979067022 -1557.8864453949848)
2024-05-20 21:58:34.898485+00:00,40.821889,14.127657,2034.2,-954.5,-568.25,3937.5,0.6163120865821838,240.1924360304906,18,23,0.1937,125.0,375.0,0.29489888284212573,0.06357455933168613,17,POINT Z(14.127656632278644 40.82188907423 -2034.1969332538183)
2024-05-20 21:58:39.438485+00:00,40.825086,14.130323,1848.08,-730.13,-212.83,4187.5,0.5154727697372437,224.68117932367403,18,21,0.3288,139.75424859373686,375.0,,,17,POINT Z(14.1303226175584 40.82508560691604 -1848.082633449295)
2024-05-20 22:00:40.348485+00:00,40.820278,14.144358,109.33,450.86,-747.45,5187.5,0.12155995517969131,0.0,18,2,0.0039,395.28470752104744,1437.5,,,15,POINT Z(14.144357965613146 40.820277924017546 -109.32804631130892)
2024-05-20 22:01:39.618485+00:00,40.837756,14.116569,1020.83,-1887.06,1196.23,4062.5,0.16877467930316925,51.996107660814005,18,3,0.0153,125.0,500.0,,,17,POINT Z(14.11656872680222 40.8377557745274 -1020.8333333333334)
2024-05-20 22:02:35.428485+00:00,40.819607,14.142591,18.2,302.15,-822.09,5187.5,0.07225687801837921,102.56782246268074,18,3,0.0803,2698.3791431153627,3437.5,,,15,POINT Z(14.142590697684033 40.819606741719504 -18.200443436544035)
2024-05-20 22:03:13.868485+00:00,40.825189,14.118814,2807.16,-1698.46,-201.21,3187.5,0.8095698952674866,214.02335532289896,18,22,0.3987,279.5084971874737,250.0,0.32840873183956254,0.03553347092051619,17,POINT Z(14.118814340566992 40.82518871088085 -2807.1565175178494)
2024-05-20 22:03:27.858485+00:00,40.869188,14.136934,2163.21,-173.72,4691.13,1312.5,0.19907183945178986,175.3521641645769,18,12,0.3533,437.5,812.5,,,13,POINT Z(14.136934035817106 40.869188360728586 -2163.2058297688377)
2024-05-20 22:03:28.928485+00:00,40.835467,14.116245,2566.84,-1914.35,941.69,3437.5,0.20727725327014923,197.0157895277801,18,11,0.5982,279.5084971874737,500.0,,,17,POINT Z(14.116245099720627 40.83546654483667 -2566.8375546735047)
2024-05-20 22:04:36.218485+00:00,40.817097,14.142966,-20.83,333.76,-1101.21,4937.5,0.13885778188705444,166.4741790966063,18,8,0.3404,800.3905296791061,1437.5,,,17,POINT Z(14.142966123348533 40.81709652382807 20.83333333333333)
2024-05-20 22:05:07.848485+00:00,40.823002,14.138433,96.38,-47.73,-444.52,5562.5,0.16736069321632385,217.76277257885644,18,9,0.3083,0.0,125.0,,,17,POINT Z(14.138432775505542 40.82300231947365 -96.37952101915337)
2024-05-20 22:05:24.258485+00:00,40.837555,14.128093,1839.95,-917.61,1173.7,4187.5,0.41450077295303345,144.05497590620877,18,17,0.4383,279.5084971874737,500.0,,,17,POINT Z(14.128092533825358 40.83755479963149 -1839.9506023595873)
2024-05-20 22:07:14.308485+00:00,40.828602,14.102518,72.06,-3069.5,178.82,2937.5,0.39537233114242554,134.56753890879554,18,15,0.7443,0.0,125.0,,,17,POINT Z(14.102518194227866 40.828602454221006 -72.05507458488341)
2024-05-20 22:07:43.338485+00:00,40.819916,14.142983,401.59,335.15,-787.75,5187.5,0.38694247603416443,245.6758839867617,18,18,0.4232,176.7766952966369,125.0,-0.2749636022246209,0.04334891031922601,15,POINT Z(14.142982846168648 40.81991556636562 -401.58669421051275)
2024-05-20 22:07:59.558485+00:00,40.836517,14.139735,2673.19,61.84,1058.26,3312.5,0.20783746242523193,91.06217046512006,18,8,0.1591,176.7766952966369,500.0,,,17,POINT Z(14.139735105980966 40.8365171294439 -2673.1870365670593)
2024-05-20 22:08:25.018485+00:00,40.844455,14.114539,112.11,-2057.59,1941.25,3937.5,0.1899225115776062,66.19015934476886,18,5,0.0174,0.0,375.0,,,17,POINT Z(14.114539107808367 40.84445548945654 -112.11370318403581)
2024-05-20 22:08:40.518485+00:00,40.828679,14.145246,-20.83,525.53,186.67,5437.5,0.11274440586566925,218.0346945886355,18,5,0.0465,125.0,0.0,,,16,POINT Z(14.145246066791556 40.828678592562625 20.83333333333333)
2024-05-20 22:08:49.348485+00:00,40.834156,14.145607,3056.12,555.86,795.78,2937.5,0.16833613812923431,87.76024088590327,18,6,0.4176,176.7766952966369,625.0,,,17,POINT Z(14.145607062260726 40.8341564065582 -3056.116042684739)
2024-05-20 22:10:10.798485+00:00,40.833126,14.102607,657.12,-3061.81,681.8,2937.5,0.10682553797960281,50.70324877534961,18,3,0.0077,0.0,250.0,,,16,POINT Z(14.102607031501577 40.83312584982109 -657.1216938513562)
2024-05-20 22:11:39.688485+00:00,40.819379,14.144861,296.07,493.23,-847.45,5187.5,0.20231710374355316,170.49706956279297,18,9,0.2663,1131.9231422671771,2125.0,,,16,POINT Z(14.14486139324419 40.81937855073486 -296.0720445174211)
2024-05-20 22:12:04.208485+00:00,40.828958,14.146514,1199.74,632.22,217.78,4812.5,0.23973578214645386,245.51562101496407,18,8,0.5261,951.9716382329885,1750.0,,,16,POINT Z(14.14651419203506 40.82895828295245 -1199.735103360505)
2024-05-20 22:12:38.938485+00:00,40.820917,14.147224,81.03,692.02,-676.32,5312.5,0.3574255108833313,286.13217307524724,18,16,0.5126,500.0,1312.5,-0.7183959471962166,0.06128770234173147,17,POINT Z(14.147223935749771 40.82091741416763 -81.02639041378382)
2024-05-20 22:13:09.788485+00:00,40.845767,14.124422,2937.01,-1226.21,2086.87,3062.5,0.3720121681690216,112.63756404540246,18,14,0.2944,3505.018723202488,3312.5,0.336795012751402,0.08049103082637604,16,POINT Z(14.12442236875638 40.84576676388812 -2937.011982656655)
2024-05-20 22:13:34.248485+00:00,40.823106,14.140039,1584.27,87.39,-432.98,4437.5,0.5310845971107483,265.57220002131197,18,16,0.1476,643.4768838116876,1562.5,-0.20263404906145743,0.059438757103037844,17,POINT Z(14.140038620862713 40.823106134816996 -1584.2675441277252)
2024-05-20 22:14:01.558485+00:00,40.819944,14.14423,181.82,440.07,-784.62,5187.5,0.6098713874816895,272.06123889871265,18,18,0.3542,62.5,125.0,0.2221975908902567,0.07406542155474201,15,POINT Z(14.144229639795487 40.81994362287614 -181.8229720939874)
2024-05-20 22:16:29.008485+00:00,40.828799,14.142749,46.22,315.46,200.05,5687.5,0.16673406958580017,200.02092338602898,18,9,0.3535,1741.048534648015,3437.5,,,17,POINT Z(14.14274937192422 40.828798991280614 -46.22214820984134)
2024-05-20 22:16:43.378485+00:00,40.82097,14.145643,188.7,558.96,-670.48,5312.5,0.26801925897598267,264.9909614020936,18,14,0.1695,3186.8871959954904,3375.0,-0.4852318396796335,0.04152809477404981,17,POINT Z(14.145642644568786 40.820970019004605 -188.70300265361357)
2024-05-20 22:16:50.518485+00:00,40.829335,14.142621,569.91,304.68,259.61,5437.5,0.24315685033798218,177.05320111487924,18,11,0.4019,1741.048534648015,3375.0,-0.08518257439312067,0.163484770971404,17,POINT Z(14.14262122740764 40.82933464822902 -569.9118601393502)
2024-05-20 22:17:23.498485+00:00,40.822807,14.123515,1820.92,-1303.02,-466.09,4187.5,0.3458740711212158,229.57884714976154,18,15,0.3016,3025.9296092275513,3375.0,-0.09773260565776587,0.08393036470905595,17,POINT Z(14.123514584154828 40.82280731335369 -1820.9202791891644)
2024-05-20 22:18:03.338485+00:00,40.824475,14.135554,1966.44,-289.92,-280.72,4062.5,0.40372055768966675,221.3662828983334,18,14,0.3194,1425.2192813739225,3250.0,-0.2157957227242122,0.06494931300250101,17,POINT Z(14.135554491123699 40.82447539458225 -1966.441601427165)
2024-05-20 22:19:33.448485+00:00,40.84094,14.139654,2424.64,54.99,1550.09,3562.5,0.14740945398807526,70.54211919558111,18,10,0.2997,2404.4230077089182,3375.0,,,16,POINT Z(14.139653634188768 40.84094026294512 -2424.6400701178864)
2024-05-20 22:19:57.808485+00:00,40.825911,14.132953,2461.56,-508.8,-121.06,3562.5,1.2306193113327026,266.3884368243709,18,33,0.1995,139.75424859373686,375.0,1.5465718439992737,0.044336777770845485,17,POINT Z(14.132953019337846 40.82591112267504 -2461.559638613423)
2024-05-20 22:21:47.798485+00:00,40.829436,14.144695,-20.83,479.17,270.83,5437.5,0.10375913232564926,176.19386937365917,18,6,0.079,2128.6732957408003,3437.5,,,16,POINT Z(14.144695098935504 40.82943552266363 20.83333333333333)
2024-05-20 22:22:03.798485+00:00,40.842098,14.119004,1211.22,-1682.06,1678.97,4312.5,0.1145675927400589,128.21371582665074,18,13,0.4762,4081.2069293286268,3375.0,,,17,POINT Z(14.119004185874678 40.842097625777846 -1211.215227717292)
2024-05-20 22:22:13.588485+00:00,40.822527,14.118015,2697.72,-1765.83,-497.13,3312.5,0.8882131576538086,228.60373825897187,18,24,0.3867,125.0,375.0,0.6149619500703254,0.04361827345281513,16,POINT Z(14.118014593428848 40.822527308497115 -2697.7239281615985)
2024-05-20 22:23:03.318485+00:00,40.836488,14.148942,712.82,836.4,1055.09,4937.5,0.12609423696994781,45.04180352433082,18,4,0.0829,2741.4640249326635,3000.0,,,16,POINT Z(14.148942030412217 40.836488231085596 -712.8242079722631)
2024-05-20 22:24:16.738485+00:00,40.822959,14.145276,1551.93,528.1,-449.32,4437.5,0.42906898260116577,233.96228163790252,18,15,0.2249,125.0,125.0,,,17,POINT Z(14.145276097202347 40.822959034993886 -1551.9324841484533)
2024-05-20 22:24:34.658485+00:00,40.831935,14.136776,2072.78,-187.1,548.77,3937.5,0.3040509521961212,139.0293441488853,18,13,0.3417,1318.4389443580617,1000.0,,,17,POINT Z(14.136776094598941 40.83193515593073 -2072.778013328084)
2024-05-20 22:25:11.918485+00:00,40.822583,14.144415,1455.75,455.63,-491.17,4562.5,0.37294647097587585,238.63464278839245,18,16,0.6167,197.64235376052372,437.5,,,17,POINT Z(14.144414827192909 40.822582641619114 -1455.7508109118098)
2024-05-20 22:25:21.758485+00:00,40.837783,14.09536,3071.54,-3671.3,1199.93,2312.5,0.2585860788822174,116.24387455626535,18,9,0.441,176.7766952966369,375.0,,,15,POINT Z(14.09535950560154 40.837783039261375 -3071.5411767616342)
2024-05-20 22:25:49.118485+00:00,40.824637,14.133982,2496.38,-422.2,-262.69,3562.5,0.6188203692436218,240.79826075677175,18,21,0.3127,250.0,375.0,0.15938057516042148,0.04766042501276769,17,POINT Z(14.133982313964653 40.824637484794565 -2496.3817983524227)
2024-05-20 22:26:09.268485+00:00,40.821555,14.147653,150.78,728.11,-605.42,5312.5,0.21198974549770355,215.8103765917783,18,10,0.3849,0.0,125.0,-0.4765715412408136,0.05808537078127511,17,POINT Z(14.14765290156365 40.82155498027286 -150.78028242486093)
2024-05-20 22:26:52.198485+00:00,40.820576,14.130613,1510.32,-705.71,-714.24,4437.5,0.7352741360664368,253.66335541503497,18,20,0.1948,0.0,625.0,-0.05246391554803276,0.05657171590675411,17,POINT Z(14.130613454368737 40.820576370179424 -1510.3193179071013)
2024-05-20 22:27:40.138485+00:00,40.826757,14.132547,2211.16,-542.94,-27.03,3812.5,0.616844892501831,215.20146995014215,18,20,0.3744,125.0,250.0,0.3132249212441368,0.05224237394863621,17,POINT Z(14.132547227205476 40.826756763262026 -2211.1612353541777)
2024-05-20 22:28:14.078485+00:00,40.824907,14.123175,1937.93,-1331.56,-232.56,4062.5,0.3664854168891907,175.4233665894027,18,16,0.4601,125.0,250.0,,,17,POINT Z(14.1231749003892 40.82490745747828 -1937.9323665052498)
2024-05-20 22:30:06.088485+00:00,40.820328,14.143209,-20.83,354.17,-741.86,5312.5,0.17953714728355408,245.7828178766847,18,9,0.1372,125.0,0.0,,,15,POINT Z(14.143208842928162 40.82032826061043 20.83333333333333)
2024-05-20 22:30:30.708485+00:00,40.82345,14.12303,1792.74,-1343.76,-394.67,4187.5,0.35469499230384827,225.51903665628203,18,15,0.3345,0.0,250.0,,,17,POINT Z(14.123030311920225 40.82344950466351 -1792.737084465971)
2024-05-20 22:31:13.998485+00:00,40.82266,14.14432,-20.83,447.65,-482.62,5562.5,0.07952720671892166,179.34507866662557,18,2,0.0363,4876.60230078279,5437.5,,,17,POINT Z(14.144319923932377 40.822659559751074 20.83333333333333)
2024-05-20 22:31:57.928485+00:00,40.820325,14.139876,470.02,73.69,-742.17,5187.5,0.6937365531921387,273.90661985044187,18,21,0.2296,176.7766952966369,125.0,0.08721276698583795,0.06346031835625587,16,POINT Z(14.139875734693856 40.820325497366 -470.0236505965123)
2024-05-20 22:32:18.628485+00:00,40.841005,14.126116,728.91,-1083.81,1557.34,4437.5,0.16327470541000366,71.55451134539851,18,7,0.2462,6058.632787188872,5000.0,,,17,POINT Z(14.126116155172129 40.84100480878742 -728.9111630955484)
2024-05-20 22:32:49.908485+00:00,40.82134,14.139843,1339.45,70.9,-629.35,4687.5,0.47721245884895325,233.64928683653207,18,15,0.2401,176.7766952966369,125.0,-0.4715583691897104,0.0422286764106775,17,POINT Z(14.139842624430832 40.8213401002568 -1339.4462850110226)
2024-05-20 22:34:03.098485+00:00,40.821986,14.144335,1461.98,448.96,-557.51,4562.5,0.2773877680301666,237.7759799124879,18,11,0.4644,125.0,125.0,,,17,POINT Z(14.144335457030268 40.82198605068034 -1461.9823935972227)
2024-05-20 22:34:36.168485+00:00,40.801628,14.093519,4072.38,-3828.25,-2820.29,1937.5,0.26061198115348816,48.84828418535858,18,13,0.7109,592.9270612815711,1125.0,,,13,POINT Z(14.093518741738134 40.801627620678325 -4072.378470605284)
2024-05-20 22:35:26.818485+00:00,40.8211,14.12666,2190.81,-1038.41,-656.0,3812.5,0.3618534505367279,219.1392704663816,18,15,0.3282,2455.8603380485624,3000.0,,,17,POINT Z(14.126659558297447 40.82109975622917 -2190.8090623224334)
2024-05-20 22:35:37.668485+00:00,40.838796,14.114557,1671.3,-2056.23,1311.89,3937.5,0.1549024134874344,142.6964847944055,18,7,0.3269,5844.33486378048,3250.0,,,17,POINT Z(14.11455737116215 40.838795509648406 -1671.3033917415535)
2024-05-20 22:36:03.618485+00:00,40.818566,14.130646,1449.74,-702.98,-937.8,4562.5,0.5915887355804443,262.6043410282898,18,21,0.4389,1300.5407529178008,1312.5,-0.033879832027695955,0.031118824050378413,17,POINT Z(14.130646148995766 40.81856588869072 -1449.7386458025385)
2024-05-20 22:36:36.678485+00:00,40.804175,14.132285,933.0,-565.16,-2538.0,3437.5,0.2677592635154724,232.80959860741987,18,14,0.5471,4419.4173824159225,3250.0,,,16,POINT Z(14.132285384090586 40.80417505358298 -932.995545708884)
2024-05-20 22:36:54.748485+00:00,40.824243,14.145937,1697.98,583.71,-306.49,4312.5,0.20038902759552002,232.84341469663383,18,9,0.0564,1068.0004681646915,3250.0,,,17,POINT Z(14.145937057007028 40.82424344148815 -1697.977549944962)
2024-05-20 22:37:04.328485+00:00,40.826351,14.13827,2572.46,-61.43,-72.16,3437.5,0.1774446815252304,180.30583138414556,18,7,0.0566,1629.8006013006623,3250.0,,,17,POINT Z(14.138269952140465 40.82635108069134 -2572.463952980793)
2024-05-20 22:37:49.798485+00:00,40.828628,14.124753,2167.77,-1198.73,181.13,3812.5,0.23032326996326447,219.8540792839076,18,10,0.6736,3411.8360159890453,3250.0,,,16,POINT Z(14.124752763181977 40.82862809110234 -2167.765394290939)
2024-05-20 22:38:30.228485+00:00,40.836629,14.112931,798.23,-2193.13,1071.07,3812.5,0.26705288887023926,58.665311429196834,18,12,0.4452,5675.123897325943,3250.0,0.18856201409321094,0.08235019064431866,17,POINT Z(14.112930925915917 40.83662940756026 -798.2313401031137)
2024-05-20 22:38:58.258485+00:00,40.820987,14.151576,433.51,1058.23,-668.52,4937.5,0.2914612591266632,154.63137145574228,18,9,0.1391,2128.6732957408003,3250.0,,,17,POINT Z(14.15157588406025 40.820987129360674 -433.5124242140597)
2024-05-20 22:39:57.338485+00:00,40.821174,14.134038,1687.43,-417.51,-647.85,4312.5,0.7244872450828552,261.72044927467766,18,22,0.2933,279.5084971874737,375.0,0.2276846317597249,0.03747478631580584,17,POINT Z(14.134038304864223 40.821173646982075 -1687.4335438819958)
2024-05-20 22:41:12.998485+00:00,40.819676,14.141371,143.14,199.52,-814.44,5187.5,0.5345081090927124,278.77289878537323,18,21,0.499,0.0,125.0,0.10586294993260421,0.024846797663011313,16,POINT Z(14.141370982173914 40.81967555182855 -143.1436539686925)
2024-05-20 22:41:34.858485+00:00,40.821175,14.121916,2459.2,-1437.61,-647.56,3562.5,0.5579357147216797,237.08073367086214,18,21,0.3454,0.0,250.0,,,17,POINT Z(14.121915524035037 40.82117509107159 -2459.1975805753355)
2024-05-20 22:42:32.618485+00:00,40.82951,14.148421,-20.83,792.61,279.1,5187.5,0.08315319567918777,169.79599019230545,18,2,0.0445,530.3300858899106,3687.5,,,15,POINT Z(14.148420536755744 40.829509592424586 20.83333333333333)
2024-05-20 22:42:38.818485+00:00,40.82333,14.121786,2030.84,-1448.46,-408.0,3937.5,0.5733499526977539,225.43163049907247,18,20,0.2808,125.0,250.0,0.08070878124239678,0.10001733062311732,17,POINT Z(14.121786066515646 40.82332953001701 -2030.8385477891889)
2024-05-20 22:42:59.508485+00:00,40.827296,14.139626,1682.23,52.71,32.9,4312.5,0.2567630112171173,247.963380451861,18,12,0.1498,441.9417382415922,437.5,,,17,POINT Z(14.139626444293265 40.827295843924034 -1682.231180654055)
2024-05-20 22:43:41.678485+00:00,40.83432,14.133929,1956.52,-426.6,813.94,4062.5,0.5262313485145569,127.21498447581234,18,15,0.2245,279.5084971874737,375.0,0.07472013753419038,0.08106681706346844,17,POINT Z(14.13392935610196 40.83431983545428 -1956.5213008294436)
2024-05-20 22:44:57.648485+00:00,40.819703,14.127259,1312.17,-987.99,-811.37,4687.5,0.7128812670707703,250.71610927151153,18,24,0.4175,125.0,500.0,-0.05942575227827655,0.07272065997342185,17,POINT Z(14.127259049846003 40.81970257988093 -1312.165934925396)
2024-05-20 22:45:08.088485+00:00,40.830889,14.142896,2955.85,327.75,432.42,3062.5,0.09559740871191025,134.90262571569002,18,7,0.1965,488.1406047441659,562.5,,,17,POINT Z(14.14289559111109 40.830888764045 -2955.854413708762)
2024-05-20 22:45:25.848485+00:00,40.827657,14.133735,2400.91,-442.97,73.1,3562.5,0.32548636198043823,223.39151090456204,18,13,0.4174,2824.2808819237507,2312.5,,,17,POINT Z(14.133735229628137 40.82765730948551 -2400.909586623881)
2024-05-20 22:46:17.108485+00:00,40.831445,14.146565,-20.83,636.47,494.24,5437.5,0.1172322928905487,194.5150398846607,18,5,0.0784,3779.0541144577437,2687.5,,,17,POINT Z(14.146564899625488 40.83144460275143 20.83333333333333)
2024-05-20 22:47:26.728485+00:00,40.818553,14.13646,666.54,-213.7,-939.24,5062.5,0.3094146251678467,214.35529673186835,18,11,0.2832,1075.2906583803283,2125.0,,,17,POINT Z(14.1364604455035 40.818553204067655 -666.5418431491032)
2024-05-20 22:48:22.188485+00:00,40.816389,14.129391,696.74,-808.66,-1179.89,4812.5,0.08402983844280243,175.573381068166,18,6,0.4694,1425.2192813739225,2625.0,,,17,POINT Z(14.12939057415003 40.816388598601655 -696.7421732444822)
2024-05-20 22:48:40.128485+00:00,40.817296,14.084882,3590.8,-4554.13,-1077.68,1437.5,0.4812193512916565,199.14775036837545,18,25,0.5524,3209.4830191169417,3750.0,0.7661160971658506,0.048209621209898926,13,POINT Z(14.084882192162302 40.817295534315924 -3590.8010833106036)
2024-05-20 22:48:56.978485+00:00,40.818746,14.143125,-20.83,347.16,-917.8,5062.5,0.4060674011707306,226.28094287194673,18,15,0.1667,2412.532383202348,687.5,0.38847400579033253,0.03746993249375701,15,POINT Z(14.14312548419395 40.81874598875092 20.83333333333333)
2024-05-20 22:50:05.378485+00:00,40.807289,14.12222,429.45,-1412.25,-2191.6,3812.5,0.5258835554122925,189.8286315468053,18,20,0.4806,139.75424859373686,62.5,0.5375865234646933,0.030345028918615725,16,POINT Z(14.122220364205779 40.80728928522827 -429.45337903381994)
2024-05-20 22:52:58.678485+00:00,40.828807,14.148554,933.18,803.86,200.94,5062.5,0.15600045025348663,126.76916467465719,18,9,0.3734,2938.1648183857897,2000.0,,,15,POINT Z(14.148554146768399 40.82880670483262 -933.1791859506741)
2024-05-20 22:53:59.078485+00:00,40.791732,14.098793,-20.83,-3384.82,-3920.79,2062.5,0.32190290093421936,57.88461219511959,18,11,0.414,88.38834764831844,125.0,0.6071098847388826,0.07161180427658675,13,POINT Z(14.09879278579779 40.79173246758361 20.83333333333333)
2024-05-20 22:54:13.578485+00:00,40.835056,14.125602,1729.17,-1127.21,895.83,4187.5,0.1956644058227539,66.11694122110566,18,5,0.4217,187.5,1125.0,,,17,POINT Z(14.125601512302385 40.83505564776584 -1729.1666666666667)
2024-05-20 22:54:49.388485+00:00,40.839913,14.122053,1184.21,-1425.6,1435.97,4562.5,0.20350001752376556,98.34565815453561,18,7,0.4913,225.34695471649934,375.0,,,17,POINT Z(14.122053452973235 40.83991271596278 -1184.211909972376)
2024-05-20 22:55:54.158485+00:00,40.816328,14.144215,323.13,438.89,-1186.7,4812.5,0.9822410345077515,274.0384768289293,18,34,0.3318,0.0,125.0,1.9078376441891627,0.028529174781008828,17,POINT Z(14.144215416004865 40.816327600693626 -323.13326502485535)
2024-05-20 22:56:49.428485+00:00,40.819787,14.14558,46.22,553.72,-802.02,5187.5,0.27820488810539246,152.64938724979515,18,12,0.1757,707.1067811865476,2062.5,,,16,POINT Z(14.145580231327314 40.819787117962576 -46.215783932673816)
2024-05-20 22:57:20.878485+00:00,40.818667,14.144598,32.04,471.1,-926.61,5062.5,0.24032439291477203,72.43220122624871,18,10,0.2642,1030.7764064044152,2187.5,,,16,POINT Z(14.144598264065126 40.818666667629955 -32.03896178134872)
2024-05-20 22:58:01.148485+00:00,40.819593,14.145667,-2.12,561.02,-823.62,5187.5,0.15030249953269958,141.39833507942234,18,5,0.0423,760.3453162872775,2437.5,,,16,POINT Z(14.145666974634574 40.81959281309096 2.116474564146886)
2024-05-20 22:58:27.118485+00:00,40.808371,14.14345,979.9,374.55,-2071.48,3937.5,0.21351231634616852,98.85347169061248,18,13,0.9164,2549.5097567963926,2125.0,,,16,POINT Z(14.143450266482299 40.80837062958707 -979.899189121357)
2024-05-20 22:58:51.168485+00:00,40.819428,14.143407,8.85,370.87,-841.91,5187.5,0.48530420660972595,279.8752978071939,18,17,0.1741,125.0,0.0,0.30388042389955755,0.04546606905521553,15,POINT Z(14.143407339701819 40.81942846155593 -8.849597214479655)
2024-05-20 22:59:04.758485+00:00,40.817291,14.139551,56.96,46.38,-1079.63,4937.5,0.32903972268104553,213.16708824399254,18,17,0.3742,125.0,125.0,0.41464675925279104,0.08500385869252515,17,POINT Z(14.13955119414199 40.81729063984415 -56.964934252050185)
2024-05-20 23:00:04.188485+00:00,40.821902,14.14425,1571.94,441.78,-566.89,4437.5,0.31243690848350525,238.1121050118914,18,12,0.1817,197.64235376052372,437.5,-0.27033584864375704,0.06640858278236844,17,POINT Z(14.144250111417893 40.8219017050888 -1571.9438088974855)
2024-05-20 23:00:31.108485+00:00,40.817355,14.142649,137.89,307.06,-1072.5,4937.5,0.30218029022216797,274.93788796020726,18,18,0.3477,1425.2192813739225,2812.5,0.44509254117354624,0.06581095088689039,17,POINT Z(14.142648867755463 40.81735469899589 -137.89432238918414)
2024-05-20 23:00:43.038485+00:00,40.817505,14.142865,459.27,325.25,-1055.74,4937.5,0.4781740605831146,275.4477780078088,18,28,0.4622,0.0,0.0,0.8899429946432227,0.047757699190528836,17,POINT Z(14.142865008589194 40.81750545506757 -459.2705490448453)
2024-05-20 23:02:04.008485+00:00,40.843299,14.147152,435.4,685.7,1812.45,4187.5,0.2741864323616028,50.45958717854546,18,9,0.3452,3370.9466400404503,2812.5,,,16,POINT Z(14.147151594020254 40.843299425083366 -435.4000047587509)
2024-05-20 23:03:04.998485+00:00,40.801724,14.115709,59.42,-1960.44,-2810.35,3187.5,0.23101751506328583,44.08235067903388,18,11,0.4746,6098.795987733973,3437.5,,,16,POINT Z(14.11570903964574 40.80172354906309 -59.41517593669249)
2024-05-20 23:03:24.728485+00:00,40.81847,14.15017,98.9,939.96,-948.45,5062.5,0.17432661354541779,245.94830488402093,18,10,0.9861,1346.291201783626,3437.5,,,17,POINT Z(14.150169942365915 40.818469849385565 -98.90192570430062)
2024-05-20 23:04:08.838485+00:00,40.826662,14.136188,2430.67,-236.6,-37.57,3562.5,0.454223096370697,234.14471538946205,18,15,0.4225,62.5,375.0,,,17,POINT Z(14.136188068099212 40.82666208688728 -2430.66563220004)
2024-05-20 23:05:21.498485+00:00,40.805217,14.119115,91.71,-1673.65,-2422.02,3562.5,0.31203383207321167,180.8770522169454,18,10,0.6117,0.0,125.0,,,16,POINT Z(14.119115187879503 40.80521650759824 -91.7052184787473)
2024-05-20 23:05:48.568485+00:00,40.819738,14.147004,1701.68,673.54,-807.43,4312.5,0.19153745472431183,219.85091639469377,18,14,0.237,800.3905296791061,1562.5,-0.044257054636339554,0.06761225325023382,17,POINT Z(14.14700414107765 40.81973837255007 -1701.6823124169066)
2024-05-20 23:06:02.278485+00:00,40.818406,14.139491,408.42,41.32,-955.62,5062.5,0.7053560614585876,274.894787666503,18,27,0.6568,176.7766952966369,125.0,0.5535186670351806,0.057420048371878696,17,POINT Z(14.139491007848047 40.81840587115088 -408.42048361606254)
2024-05-20 23:07:16.848485+00:00,40.824265,14.139525,1692.56,44.2,-304.11,4312.5,0.8164288401603699,282.18566948871,18,23,0.1388,279.5084971874737,250.0,0.34487886725393213,0.04548788288271828,17,POINT Z(14.139525237612698 40.82426503329933 -1692.5555458473568)
2024-05-20 23:07:38.848485+00:00,40.819754,14.142948,32.97,332.26,-805.71,5187.5,0.43316271901130676,230.45778796051098,18,16,0.282,0.0,0.0,0.16698541283939303,0.05839650989030282,15,POINT Z(14.142948420827532 40.819753973593954 -32.97263090839766)
2024-05-20 23:08:45.008485+00:00,40.820672,14.132231,432.65,-569.59,-703.61,5312.5,0.24275505542755127,82.20384845189648,18,10,0.1975,1202.2115038544591,312.5,,,17,POINT Z(14.13223101898304 40.82067211807918 -432.64768830393064)
2024-05-20 23:09:19.348485+00:00,40.818587,14.140369,454.41,115.19,-935.54,5062.5,0.8512101769447327,275.8530547993041,18,29,0.3145,250.0,125.0,0.6907041790961335,0.028979835661703143,17,POINT Z(14.140368874405802 40.818586516472365 -454.41115462189197)
2024-05-20 23:09:55.368485+00:00,40.819839,14.146188,-20.83,604.86,-796.27,5187.5,0.24926280975341797,138.39145117673837,18,11,0.2894,125.0,0.0,,,16,POINT Z(14.146188020189474 40.819838786050816 20.83333333333333)
2024-05-20 23:10:13.918485+00:00,40.820652,14.147257,68.65,694.83,-705.8,5312.5,0.22367167472839355,139.303551931488,18,8,0.1807,0.0,0.0,-0.6063150133857091,0.06291529903414449,17,POINT Z(14.147257301422533 40.820652291142466 -68.65082726422135)
2024-05-20 23:11:35.808485+00:00,40.818429,14.141088,437.66,175.67,-953.06,5062.5,0.848240852355957,276.0280680649687,18,30,0.5544,176.7766952966369,125.0,0.7491706077789821,0.03968812633217799,16,POINT Z(14.141087515596515 40.81842888002909 -437.66222475697623)
2024-05-20 23:12:25.578485+00:00,40.819492,14.143035,-20.83,339.55,-834.85,5187.5,0.2682760953903198,229.43471210678385,18,11,0.6265,0.0,0.0,,,15,POINT Z(14.143035111153386 40.819491986589455 20.83333333333333)
2024-05-20 23:12:47.638485+00:00,40.823154,14.146604,1596.95,639.81,-427.66,4437.5,0.3265134394168854,224.80692018716945,18,15,0.2127,250.0,125.0,,,17,POINT Z(14.14660369022402 40.8231537318178 -1596.9467042523065)
2024-05-20 23:13:21.858485+00:00,40.821492,14.145657,239.57,560.21,-612.42,5437.5,0.3508771061897278,264.87907782606084,18,18,0.6148,125.0,250.0,-0.2264460542036486,0.048259096970987174,17,POINT Z(14.145657487363112 40.8214921636299 -239.5730340843347)
2024-05-20 23:13:37.858485+00:00,40.820068,14.142605,-20.83,303.38,-770.83,5312.5,0.3194405138492584,234.9431541972482,18,11,0.2611,125.0,0.0,0.055611972907571965,0.06483117130781474,16,POINT Z(14.142605305444366 40.820067673169646 20.83333333333333)
2024-05-20 23:14:02.828485+00:00,40.837759,14.130987,2578.5,-674.12,1196.4,3437.5,0.15605224668979645,87.3945092051963,18,6,0.1452,3493.856214843421,2187.5,,,17,POINT Z(14.130986850651501 40.83775920123325 -2578.5018643026415)
2024-05-20 23:14:25.328485+00:00,40.818945,14.144215,-20.83,438.87,-895.67,5062.5,0.17977093160152435,147.50077690248332,18,11,0.5534,559.0169943749474,2437.5,-0.539214032560699,0.05414401024248499,16,POINT Z(14.144215314704038 40.81894495470972 20.83333333333333)
2024-05-20 23:14:35.188485+00:00,40.816351,14.126348,1937.73,-1064.7,-1184.07,4062.5,0.27608972787857056,266.54148283149783,18,15,0.6299,88.38834764831844,500.0,-0.07876617407338099,0.050439494141062455,16,POINT Z(14.126348059788016 40.81635067304441 -1937.7279795446148)
2024-05-20 23:15:04.988485+00:00,40.812859,14.139507,1809.5,42.64,-1572.37,4187.5,0.19213715195655823,94.05836201184411,18,10,0.3908,88.38834764831844,562.5,,,16,POINT Z(14.139506621290831 40.81285934625607 -1809.4990778801487)
2024-05-20 23:15:25.338485+00:00,40.819567,14.147449,79.01,710.96,-826.45,5187.5,0.21717071533203125,255.27830943523702,18,11,0.4166,883.8834764831844,687.5,,,17,POINT Z(14.147448836747417 40.81956728424657 -79.01368312769554)
2024-05-20 23:16:50.508485+00:00,40.820796,14.142817,138.32,321.18,-689.79,5312.5,0.38579264283180237,278.66698995513553,18,13,0.2029,0.0,125.0,-0.3942204525959105,0.07176954064582647,16,POINT Z(14.14281687887233 40.82079646733176 -138.3178003613923)
2024-05-20 23:17:25.888485+00:00,40.826335,14.120951,2059.63,-1518.66,-73.84,3937.5,0.7985419034957886,207.3023060568241,18,20,0.151,176.7766952966369,375.0,0.5699848336254726,0.037962284001039605,17,POINT Z(14.120950939365537 40.826334509288934 -2059.630996703844)
2024-05-20 23:18:57.548485+00:00,40.826689,14.124892,1789.7,-1187.04,-34.46,4187.5,0.5428388118743896,206.0180931449914,18,20,0.3925,125.0,250.0,0.10222558158781392,0.09686550888992015,17,POINT Z(14.124892144632696 40.82668920501928 -1789.6951371507591)
2024-05-20 23:19:17.488485+00:00,40.819588,14.145713,51.07,564.87,-824.15,5187.5,0.19660209119319916,227.1971954074854,18,8,0.0719,883.8834764831844,687.5,,,16,POINT Z(14.145712776045032 40.81958801287789 -51.070239241857614)
2024-05-20 23:19:53.078485+00:00,40.819649,14.14436,210.22,451.04,-817.42,5187.5,0.3833725154399872,249.33593174242404,18,16,0.2728,125.0,0.0,-0.3047529547001604,0.05769784581843346,16,POINT Z(14.144360037472973 40.81964862126921 -210.215956673731)
2024-05-20 23:21:06.648485+00:00,40.828718,14.151651,1297.58,1064.41,191.07,4687.5,0.3982539772987366,157.99057319682575,18,13,0.1026,562.5,562.5,-0.22692398418037596,0.08127547310303826,17,POINT Z(14.15165076912278 40.82871764270161 -1297.5759764002544)
2024-05-20 23:21:34.818485+00:00,40.819472,14.142766,-14.39,316.89,-837.1,5187.5,0.15798304975032806,150.5517055491843,18,7,0.0936,1510.3807466993214,2437.5,,,15,POINT Z(14.142765748983983 40.81947168887708 14.390719627179479)
2024-05-20 23:22:00.398485+00:00,40.830091,14.148784,1669.88,823.16,343.75,4312.5,0.5012394189834595,206.4828358424417,18,26,0.4812,279.5084971874737,250.0,0.28559972335378236,0.12069327176834638,15,POINT Z(14.148783748091379 40.83009096148995 -1669.875941684491)
2024-05-20 23:22:39.818485+00:00,40.817349,14.145722,199.24,565.67,-1073.08,4937.5,0.6668431162834167,277.787381092841,18,25,0.4764,0.0,0.0,0.5674945557002768,0.058900216769394345,17,POINT Z(14.145722007739037 40.8173493371653 -199.24139632229276)
2024-05-20 23:24:07.088485+00:00,40.818612,14.148435,68.71,793.96,-932.64,5062.5,0.4385595917701721,235.03484881513918,18,18,0.39,0.0,0.0,-0.022181902513214044,0.0735693246496653,17,POINT Z(14.148435041670421 40.81861219461784 -68.70596587407141)
2024-05-20 23:24:57.608485+00:00,40.830963,14.151566,1576.01,1057.22,440.79,4437.5,0.4096839725971222,120.79233203751909,18,15,0.3403,62.5,187.5,-0.01969756101257003,0.03582947706917055,17,POINT Z(14.151565777963755 40.83096339937439 -1576.0127496443502)
2024-05-20 23:27:00.428485+00:00,40.832232,14.147038,1168.37,676.29,581.76,4812.5,0.47940245270729065,107.51092616291774,18,14,0.1471,125.0,125.0,0.14700664469459368,0.03545567678084577,17,POINT Z(14.14703835858231 40.83223160019352 -1168.3737094100677)
2024-05-20 23:27:24.148485+00:00,40.829968,14.150963,1404.7,1006.5,330.08,4562.5,0.5511801242828369,128.9471324337987,18,19,0.2251,125.0,250.0,0.3349436209458608,0.040381012827172755,16,POINT Z(14.150962774834134 40.82996782835614 -1404.6982420168856)
2024-05-20 23:27:39.458485+00:00,40.830848,14.149542,1707.44,886.99,427.92,4312.5,0.544012725353241,183.63378655644175,18,21,0.3147,0.0,250.0,0.8207422158963418,0.028098585456386913,16,POINT Z(14.149542490737277 40.830847856864786 -1707.439540658334)
2024-05-20 23:28:38.088485+00:00,40.818708,14.139772,321.08,64.98,-922.0,5062.5,0.738548755645752,275.71038172909283,18,29,0.3167,176.7766952966369,125.0,0.566801524865635,0.07722188300593888,17,POINT Z(14.13977214908688 40.81870826549396 -321.08498932571797)
2024-05-20 23:28:59.488485+00:00,40.838922,14.133395,531.99,-471.49,1325.63,4687.5,0.11920822411775589,83.04325569533518,18,5,0.2896,187.5,750.0,,,17,POINT Z(14.133395386638579 40.83892154722596 -531.9890452800266)
2024-05-20 23:31:52.438485+00:00,40.818118,14.140357,428.67,114.19,-987.6,5062.5,1.0750750303268433,274.8547499393548,18,33,0.2887,176.7766952966369,250.0,1.1278366913896296,0.04727539170689279,17,POINT Z(14.140356925419582 40.81811827012619 -428.66887796865853)
2024-05-20 23:33:24.748485+00:00,40.815219,14.145113,102.27,514.43,-1309.99,4687.5,0.15158799290657043,129.43269224176632,18,8,0.581,637.3774391990981,1437.5,-0.2797844122629336,0.07448367917149219,17,POINT Z(14.145112861285066 40.81521884583032 -102.26795852143962)
2024-05-20 23:33:40.588485+00:00,40.819579,14.142827,70.48,322.02,-825.22,5187.5,0.2139015644788742,163.09944896879495,18,9,0.1818,838.5254915624212,1437.5,,,15,POINT Z(14.142826772564225 40.81957852629184 -70.48306017606043)
2024-05-20 23:34:41.298485+00:00,40.819352,14.140062,299.58,89.36,-850.42,5187.5,0.5973789691925049,277.2215543481898,18,19,0.3376,176.7766952966369,250.0,0.21400896170221761,0.05686650426386497,16,POINT Z(14.140061883836186 40.81935201875057 -299.5763409177878)
2024-05-20 23:35:38.528485+00:00,40.836162,14.130924,2079.14,-679.42,1018.76,3937.5,0.266046941280365,120.73824630411178,18,9,0.2612,125.0,375.0,,,17,POINT Z(14.130924039146832 40.8361616361885 -2079.1400712156824)
2024-05-20 23:36:10.048485+00:00,40.857944,14.154075,2819.4,1267.83,3440.94,2562.5,0.30270907282829285,27.36731806582401,18,10,0.2476,1300.5407529178008,1312.5,,,15,POINT Z(14.154075211684606 40.857944111229436 -2819.401382273097)
2024-05-20 23:36:53.748485+00:00,40.824289,14.145111,78.48,514.2,-301.43,5437.5,0.07846064865589142,189.9736594604462,18,4,0.1063,728.8689868556626,2437.5,,,17,POINT Z(14.145110972880431 40.82428898965886 -78.47652595005431)
2024-05-20 23:37:09.288485+00:00,40.82071,14.130287,1934.84,-733.19,-699.39,4062.5,0.8867457509040833,252.17241224252228,18,23,0.1325,279.5084971874737,375.0,0.3874060392755219,0.027791308230960824,17,POINT Z(14.130286902214737 40.82070988072748 -1934.8355353228233)
2024-05-20 23:37:38.048485+00:00,40.819575,14.142585,68.76,301.65,-825.57,5187.5,0.5862252116203308,229.1116772790187,18,16,0.1423,0.0,0.0,0.24934716322592043,0.09830153636470974,15,POINT Z(14.14258471649949 40.81957544911112 -68.75836137181797)
2024-05-20 23:38:22.058485+00:00,40.830618,14.139746,947.82,62.75,402.28,5062.5,0.160427987575531,139.40022293176452,18,8,0.2021,187.5,250.0,,,16,POINT Z(14.139745803744995 40.830617743834416 -947.8182041641592)
2024-05-20 23:41:36.388485+00:00,40.833144,14.135381,1691.68,-304.47,683.22,4312.5,0.15462222695350647,112.17926188360576,18,7,0.3295,0.0,500.0,,,17,POINT Z(14.13538107702929 40.83314426167426 -1691.6811852329733)
2024-05-20 23:42:01.568485+00:00,40.847867,14.120546,112.68,-1552.23,2320.51,3687.5,0.213802769780159,68.73513660117862,18,11,0.8153,176.7766952966369,375.0,,,16,POINT Z(14.12054600472505 40.84786735974436 -112.67504188497577)
2024-05-20 23:42:43.808485+00:00,40.823157,14.14678,447.71,654.65,-427.32,5312.5,0.751615047454834,258.23730812811624,18,20,0.161,125.0,125.0,0.0018192822428595642,0.037776130405563255,17,POINT Z(14.146780056928492 40.82315675468592 -447.71189290665416)
2024-05-20 23:43:06.418485+00:00,40.820959,14.141386,429.04,200.78,-671.7,5312.5,0.3781375288963318,279.5591659897828,18,18,0.3282,125.0,0.0,-0.022740917880986186,0.052242747554196306,16,POINT Z(14.141386002735011 40.820959231966704 -429.044221012982)
2024-05-20 23:43:18.558485+00:00,40.835311,14.11175,3059.39,-2292.48,924.51,2937.5,0.32386720180511475,228.24987995461638,18,11,0.4041,125.0,375.0,,,17,POINT Z(14.11175044324916 40.83531112640318 -3059.3869944804974)
2024-05-20 23:43:31.628485+00:00,40.83092,14.13517,2072.41,-322.25,435.92,3937.5,0.153654083609581,133.1593297037652,18,10,0.2376,176.7766952966369,375.0,,,17,POINT Z(14.135169843362533 40.83092021654524 -2072.411467091536)
2024-05-20 23:43:55.118485+00:00,40.826554,14.144013,2309.75,421.77,-49.63,3687.5,0.3102102279663086,261.34495213107243,18,14,0.3098,176.7766952966369,250.0,,,16,POINT Z(14.144012641106913 40.8265535419222 -2309.753380103656)
2024-05-20 23:44:04.558485+00:00,40.820449,14.140851,-20.83,155.79,-728.44,5312.5,0.12010731548070908,95.40035685818953,18,4,0.0687,125.0,0.0,,,16,POINT Z(14.14085135795216 40.82044899348454 20.83333333333333)
2024-05-20 23:45:17.108485+00:00,40.847759,14.126548,569.14,-1047.4,2308.32,3687.5,0.206449493765831,11.514547045213021,18,6,0.0845,395.28470752104744,500.0,,,16,POINT Z(14.12654782397377 40.847758568664034 -569.1442559504305)
2024-05-20 23:46:31.738485+00:00,40.819729,14.142283,41.68,276.26,-808.44,5187.5,0.551732063293457,279.56047222778966,18,18,0.3744,176.7766952966369,0.0,-0.16145482681726847,0.08560250512006633,16,POINT Z(14.142283008969773 40.819729439450526 -41.6839906962376)
2024-05-20 23:47:47.998485+00:00,40.822015,14.138946,1461.29,-4.54,-554.29,4562.5,0.5451820492744446,262.2431028039197,18,18,0.2427,395.28470752104744,375.0,,,17,POINT Z(14.138946053194001 40.822015106905305 -1461.2916375512987)
2024-05-20 23:48:19.658485+00:00,40.833082,14.136878,460.84,-178.51,676.25,5312.5,0.20297427475452423,119.48307226078202,18,6,0.2108,0.0,375.0,,,17,POINT Z(14.13687821114935 40.83308164640214 -460.83823741604016)
2024-05-20 23:50:10.578485+00:00,40.806084,14.152984,108.66,1177.0,-2325.66,3687.5,0.15759213268756866,78.20243061076411,18,10,0.5301,257.6941016011038,312.5,,,16,POINT Z(14.152984231155072 40.80608399652351 -108.65522316420373)
2024-05-20 23:50:45.538485+00:00,40.822,14.14301,32.54,337.44,-555.97,5437.5,0.11093843728303909,167.9017573791409,18,4,0.0287,395.28470752104744,437.5,,,17,POINT Z(14.143010217939004 40.82199999563051 -32.54066530800429)
2024-05-20 23:51:47.188485+00:00,40.819304,14.144338,-20.83,449.23,-855.71,5187.5,0.1636347770690918,211.2142711429235,18,7,0.2773,455.0068680800324,62.5,,,16,POINT Z(14.144338418749845 40.81930432732353 20.83333333333333)
2024-05-20 23:52:02.048485+00:00,40.8264,14.147434,19.74,709.61,-66.67,5312.5,0.10061652213335037,113.70268110618309,18,4,0.0927,1245.3036778232047,437.5,,,17,POINT Z(14.147433638114668 40.82640013131715 -19.738089109528552)
2024-05-20 23:54:49.258485+00:00,40.819024,14.145799,-20.83,572.11,-886.83,5062.5,0.12481632083654404,147.8839644312589,18,8,0.3744,698.7712429686843,437.5,,,16,POINT Z(14.145798744695597 40.819024318967124 20.83333333333333)
2024-05-20 23:55:06.368485+00:00,40.822845,14.144288,89.13,444.95,-461.96,5562.5,0.17902085185050964,213.6167130956817,18,6,0.1544,0.0,125.0,,,17,POINT Z(14.144287845337175 40.82284535713098 -89.1300312024809)
